time,rolling_r_60s
0,
1,
2,
3,
4,
5,
6,
7,
8,
9,
10,
11,
12,
13,
14,
15,
16,
17,
18,
19,
20,
21,
22,
23,
24,
25,
26,
27,
28,
29,
30,
31,
32,
33,
34,
35,
36,
37,
38,
39,
40,
41,
42,
43,
44,
45,
46,
47,
48,
49,
50,
51,
52,
53,
54,
55,
56,
57,
58,
59,0.12809926527594484
60,0.12158457582813215
61,0.11382283292266251
62,0.10712689138976426
63,0.10077089651290524
64,0.08853787809589199
65,0.06245311337173783
66,0.01932301357151465
67,-0.034894048211133864
68,-0.08559615182478056
69,-0.11843438492033165
70,-0.130149637886641
71,-0.12752706660278063
72,-0.11980354346357837
73,-0.11524929437554998
74,-0.12042095746042324
75,-0.13854791224497207
76,-0.16840018906266607
77,-0.20552401358051628
78,-0.24436320872610792
79,-0.278981627723672
80,-0.3031606588276234
81,-0.3120049111207951
82,-0.3046615337078078
83,-0.28548262095641896
84,-0.2618099693097813
85,-0.24016843921138045
86,-0.22412135402691363
87,-0.21441149333339038
88,-0.20977269394792733
89,-0.2073807840902042
90,-0.20319274954420966
91,-0.19289881008108137
92,-0.1737707247604925
93,-0.14664165006977178
94,-0.11632110619624261
95,-0.08971552439777312
96,-0.0731675111092352
97,-0.07099495234604014
98,-0.08493299827261055
99,-0.11250713745512901
100,-0.14360609733995153
101,-0.16017756451990783
102,-0.1483463792685734
103,-0.11448213144153647
104,-0.0791283321632119
105,-0.05655655902066831
106,-0.04609423862506448
107,-0.038758149301839045
108,-0.029446275710354703
109,-0.022080942121966766
110,-0.022720301434601475
111,-0.030183327068585737
112,-0.036230016068963075
113,-0.034349199657074586
114,-0.025527411668557872
115,-0.016983913854252623
116,-0.017819069681564267
117,-0.03335608961022577
118,-0.060820892056665826
119,-0.09169804143818033
120,-0.11925110623929776
121,-0.14304654367167044
122,-0.1671336458974269
123,-0.19428189414540248
124,-0.22129743370645105
125,-0.24034473571453563
126,-0.24538282188970845
127,-0.23668174212344276
128,-0.21951821136778218
129,-0.20008476198868516
130,-0.18251387525774523
131,-0.1677720718438459
132,-0.15381902814784892
133,-0.1364871798829871
134,-0.11110915204401864
135,-0.07489429417005611
136,-0.028500092518598294
137,0.024827546860653006
138,0.08097598177549231
139,0.13491245268870586
140,0.18028982615694272
141,0.21177498066345618
142,0.22862309248242063
143,0.23536916273046926
144,0.23882939693485852
145,0.24404927705884027
146,0.2523312926186728
147,0.26239925451621027
148,0.2729658003135981
149,0.28389432823865063
150,0.29486772402657935
151,0.30378667866940484
152,0.3080867938934824
153,0.3080522175133517
154,0.30730580228122556
155,0.3094628867195431
156,0.31534331371820407
157,0.3231834350366146
158,0.33019208659321986
159,0.3334940960763295
160,0.3305130301768927
161,0.31972267323469744
162,0.30194951177770113
163,0.2813360162310295
164,0.26390046812247614
165,0.25224303582843965
166,0.2418127808207414
167,0.2273117523700674
168,0.2095649057900592
169,0.19310173806193906
170,0.18110786261255402
171,0.1728225591633234
172,0.16524587996853432
173,0.15849297191416267
174,0.16055296253667242
175,0.1848610268702528
176,0.23814299749129478
177,0.3131169339703992
178,0.3973318097434069
179,0.48172430282117207
180,0.5596013309916793
181,0.6241634344792026
182,0.6702087733333429
183,0.6972205945094821
184,0.7088797889529868
185,0.7098938030873041
186,0.7037481356237418
187,0.6923744390512555
188,0.6767993908288884
189,0.657555228495291
190,0.6342724588024509
191,0.6047908275396873
192,0.5660789502610425
193,0.5187118318560997
194,0.4702045571993164
195,0.43051786987756274
196,0.40409104646718896
197,0.38714982256971625
198,0.37071498726307744
199,0.345064559793338
200,0.30316590818600586
201,0.24287948314998106
202,0.16814382071635295
203,0.08820286625032352
204,0.014003359021165012
205,-0.04684081176790467
206,-0.09353579381635782
207,-0.13083292708985478
208,-0.16307663901281355
209,-0.19017163378653143
210,-0.20999138721244626
211,-0.22091289045550974
212,-0.22118110721383616
213,-0.20939731851787305
214,-0.18669246751787547
215,-0.15703998136555194
216,-0.12506631145814912
217,-0.09408236416172361
218,-0.06541239608059672
219,-0.03797292158866899
220,-0.008707692047554255
221,0.024777091656100494
222,0.06030428740140251
223,0.09012893145838963
224,0.10631584310214513
225,0.10802719423773466
226,0.10122199034704378
227,0.09149752363755498
228,0.07905099054037416
229,0.06020529333092094
230,0.03294025209993345
231,0.000762358599848596
232,-0.028439241416742658
233,-0.04883138126820508
234,-0.06439795233594395
235,-0.08909615698678178
236,-0.13715877861546122
237,-0.21192877940063143
238,-0.299773623234245
239,-0.3752667967829754
240,-0.42072390301536206
241,-0.43990192319099986
242,-0.4489675078739019
243,-0.4607643518540968
244,-0.4782596225630676
245,-0.4966351889550558
246,-0.5106462983487001
247,-0.5202546439926019
248,-0.5279424732129276
249,-0.5347107629828534
250,-0.5395769090779858
251,-0.5401930290625545
252,-0.5342171325754168
253,-0.5212791310896912
254,-0.5036805640460585
255,-0.485012248230328
256,-0.4679594301257747
257,-0.45304435431795065
258,-0.43869376861467557
259,-0.4222762613972788
260,-0.4020666519548398
261,-0.37875230716625863
262,-0.3552444329804409
263,-0.3359351008666456
264,-0.3261183999947473
265,-0.32962822542535364
266,-0.3452617494138519
267,-0.36692488459040545
268,-0.3875043566314757
269,-0.4000272555327452
270,-0.39815864865219197
271,-0.38413489056426925
272,-0.36838603486472454
273,-0.3575225731460257
274,-0.352763946356295
275,-0.3538805284494812
276,-0.35966763424607523
277,-0.3668680910098
278,-0.3710151292191054
279,-0.36919598683246163
280,-0.362280669146275
281,-0.35462052549070233
282,-0.35109709974596953
283,-0.3536563813529871
284,-0.36040739805347316
285,-0.3681769292350844
286,-0.3754146203575373
287,-0.3822091147332907
288,-0.38823027955135975
289,-0.3914981922163643
290,-0.389447630970977
291,-0.38127278991440294
292,-0.369168062859459
293,-0.3572222674447514
294,-0.3491493472751352
295,-0.34679671185182864
296,-0.35002281316991796
297,-0.3571849707187864
298,-0.365766514144143
299,-0.3733616570786785
300,-0.37879285044438427
301,-0.3825156436296553
302,-0.3858458976611754
303,-0.3894309036273643
304,-0.39208298236840283
305,-0.39125851598259465
306,-0.3850325808122533
307,-0.3738629271573419
308,-0.36064248242607433
309,-0.34881241367095206
310,-0.33984506232057976
311,-0.33246980941319754
312,-0.3246596713030876
313,-0.31606390274286883
314,-0.30802488954840396
315,-0.30178625674338816
316,-0.2975790643255755
317,-0.29534012254495534
318,-0.2958349914217215
319,-0.30110483119176834
320,-0.3139138368993872
321,-0.3361834897899607
322,-0.3668299321738083
323,-0.40010130431600943
324,-0.4261514799165081
325,-0.43487093415547107
326,-0.4209168287487542
327,-0.38633546029371546
328,-0.33880603055236874
329,-0.2866793191490481
330,-0.2345638210579425
331,-0.18311744141597724
332,-0.1330591901911933
333,-0.08904016605926905
334,-0.057605561770786996
335,-0.04030201522912295
336,-0.03235058853838117
337,-0.02811654378827635
338,-0.02420262760392412
339,-0.018751709775487544
340,-0.010628759253054084
341,0.0006083558523402412
342,0.014278387270040388
343,0.02797621769160344
344,0.03793154318867132
345,0.041156226468187625
346,0.03786034628716216
347,0.031131943102755792
348,0.023663924759132374
349,0.01477159320681669
350,0.0047370139382596835
351,-0.0071746189321615274
352,-0.0185289223843521
353,-0.02444739886915176
354,-0.019648527126959175
355,-0.00046302364601945957
356,0.033454653967492545
357,0.0776303376317635
358,0.12212972381541413
359,0.15366891484209977
360,0.16304570925111214
361,0.15430117352538072
362,0.14256437279918838
363,0.13979806490452312
364,0.14560597864579577
365,0.14917386678264263
366,0.1354057661843327
367,0.0939412817462119
368,0.029526318511106566
369,-0.03929776573520253
370,-0.09506142045639884
371,-0.1311212354423704
372,-0.1492595090245256
373,-0.15409204991428258
374,-0.1503444094395076
375,-0.14237516385261814
376,-0.13393619083395114
377,-0.1276553426758715
378,-0.12452736470318349
379,-0.1236298761593383
380,-0.12260279781344018
381,-0.11934165254976009
382,-0.11384137306830357
383,-0.10846921326118548
384,-0.10708168907474588
385,-0.11477336055793244
386,-0.13797011367188375
387,-0.18283821575761258
388,-0.2512036201481613
389,-0.3355769199703531
390,-0.4181697252884643
391,-0.47921321827471003
392,-0.5093572825780789
393,-0.5129193349983978
394,-0.5007005061454255
395,-0.4821766771317536
396,-0.46261254060313145
397,-0.44410910620114386
398,-0.427881321182615
399,-0.41570664450574996
400,-0.40940526152854484
401,-0.40861889509052224
402,-0.4074167188522725
403,-0.3905933522018716
404,-0.3367992381437596
405,-0.23809346058000344
406,-0.11677767861222582
407,-0.008065032930245837
408,0.06732157994627692
409,0.10957989331841385
410,0.12594075616872147
411,0.1288495920624452
412,0.12774153686314366
413,0.1284032214414845
414,0.13409145241607479
415,0.14632767004128708
416,0.1652490340699408
417,0.18978979746609012
418,0.21780219205576853
419,0.24622636832146452
420,0.2711491886599187
421,0.28783957251965464
422,0.2919101553897126
423,0.2822111029995398
424,0.26304002034730367
425,0.24253200411369935
426,0.22936075532547248
427,0.23130873077059463
428,0.2536812578118614
429,0.2959227272042066
430,0.34974137707718383
431,0.40275751872739896
432,0.4460156865824474
433,0.47762382997725505
434,0.49980322132736854
435,0.5150545738388765
436,0.525227949887496
437,0.5318728697033147
438,0.5361350303045946
439,0.5387215670484347
440,0.540391324200402
441,0.5420938816085312
442,0.5440780180561057
443,0.5449960415321018
444,0.5430874268127927
445,0.538832390576831
446,0.5350594723463741
447,0.5338183246368496
448,0.5343150110620085
449,0.5341701838753027
450,0.5316814292885816
451,0.5264891769154952
452,0.5188149691898799
453,0.5086180571607345
454,0.49516508893172645
455,0.47693200242108663
456,0.4520837134837544
457,0.41968764375364176
458,0.3810929162527511
459,0.3401623928208257
460,0.30196275634299824
461,0.27059628979793426
462,0.2463865414290818
463,0.2230392796386884
464,0.1875251575870436
465,0.1244400231251633
466,0.023853809539563783
467,-0.10763639060668236
468,-0.24022859656166226
469,-0.33867014923643185
470,-0.3916914224380913
471,-0.41167103286348505
472,-0.41467829171240606
473,-0.4102187302819451
474,-0.4024152841101451
475,-0.3941083067100164
476,-0.38866643746304613
477,-0.3890243656225308
478,-0.39607961385698315
479,-0.4078282671678177
480,-0.4194481715597313
481,-0.42461202326235026
482,-0.4180285038825816
483,-0.3981272119278772
484,-0.36809885028003403
485,-0.33436194866314217
486,-0.3033613934762097
487,-0.27875267716552254
488,-0.26026131857077206
489,-0.2444658802359092
490,-0.22663055806255117
491,-0.20264165962638075
492,-0.17089622960609666
493,-0.13452509552497868
494,-0.10158369447155784
495,-0.07963014241498374
496,-0.06914396168664919
497,-0.06386490804207441
498,-0.056143230016731306
499,-0.0423288625645693
500,-0.025752137769551174
501,-0.014186121991084825
502,-0.01244796683084814
503,-0.018136536327932253
504,-0.02490271599423863
505,-0.027128907366212218
506,-0.02144637296868221
507,-0.007784294266089409
508,0.00928412095524138
509,0.02272733290160689
510,0.027712095679580523
511,0.02417962088170618
512,0.015805383724009133
513,0.007079792806149704
514,0.0009075707707456805
515,-0.001891245488452292
516,-0.0015068417303963444
517,0.002250836806049279
518,0.010217347958198902
519,0.02295781737586405
520,0.03986615350462541
521,0.05906348633976527
522,0.07781533284942313
523,0.09332033032169083
524,0.10387697335816123
525,0.10979964009894808
526,0.11327221550141937
527,0.11691605879751531
528,0.12159791362364795
529,0.12462893243206674
530,0.11969507977952325
531,0.09947783726132542
532,0.06052163773227382
533,0.006815664203620783
534,-0.05325029240543181
535,-0.11387437117640363
536,-0.17369545319245694
537,-0.2319334425678994
538,-0.285150613494769
539,-0.328132674402974
540,-0.35736434938954736
541,-0.37292783169032073
542,-0.3778299445182844
543,-0.3770006305565655
544,-0.3760346199012838
545,-0.37812342830111517
546,-0.38082551637020756
547,-0.37703204360242293
548,-0.3618752212704414
549,-0.33866907621318404
550,-0.3152893553509624
551,-0.29628092574298753
552,-0.28072513485139683
553,-0.26537284093145924
554,-0.2478499286900305
555,-0.22815043908063157
556,-0.20879665658373328
557,-0.1940181933219678
558,-0.18757385112724284
559,-0.1892145580325911
560,-0.19355811026476336
561,-0.1942737380459331
562,-0.188938401262264
563,-0.17973121239919465
564,-0.1709341870776505
565,-0.16663445582346198
566,-0.1703942345261233
567,-0.1853297464855572
568,-0.212319846050092
569,-0.24765332619781116
570,-0.28304074400839274
571,-0.30939516379176674
572,-0.3231300536895729
573,-0.3278710821763554
574,-0.32817440278901233
575,-0.32437654143139305
576,-0.3139151176072595
577,-0.29546687609378497
578,-0.2714315349906452
579,-0.24748674600789491
580,-0.22986949055973604
581,-0.22171318253329284
582,-0.2214168661653078
583,-0.22497794639695673
584,-0.22948916079870627
585,-0.23413508073914505
586,-0.23903036635675362
587,-0.24457389395790144
588,-0.25135994757028457
589,-0.2588400921710657
590,-0.26364396447715177
591,-0.26083827916373953
592,-0.24827867158740569
593,-0.22951221503794317
594,-0.21252145123572713
595,-0.20616729520116384
596,-0.2166247870320776
597,-0.2444233399646835
598,-0.28315756455090835
599,-0.3228178216459415
600,-0.3565746804294289
601,-0.383318205204097
602,-0.4041840800595343
603,-0.41819730691610363
604,-0.4202855172907806
605,-0.4042413738107454
606,-0.3711498321000252
607,-0.33269160816501886
608,-0.30165962536437496
609,-0.2831873449119732
610,-0.27562222309025197
611,-0.27495677864345475
612,-0.27789366941568167
613,-0.28292879826571804
614,-0.2892977226661904
615,-0.29498323070153265
616,-0.2969943583335622
617,-0.29398056790729743
618,-0.2876605204551757
619,-0.2819889338053132
620,-0.2816555737633084
621,-0.2902850972800195
622,-0.3079782670875164
623,-0.3302467845052219
624,-0.3517558332175038
625,-0.37085612323376904
626,-0.38814342545105235
627,-0.402798024316752
628,-0.41188610775090645
629,-0.4126534347701155
630,-0.4056785497535315
631,-0.39592593120487435
632,-0.39042259996609086
633,-0.39424731932870805
634,-0.4074564499125063
635,-0.4248442084725777
636,-0.4396083649855544
637,-0.4483053328656747
638,-0.45198539613738753
639,-0.45340826407735607
640,-0.45453648291328086
641,-0.45615249449266165
642,-0.4586754923468427
643,-0.4626832945715493
644,-0.4683852432821166
645,-0.47494781361613453
646,-0.4806887976264619
647,-0.4836487152644387
648,-0.4820495528671278
649,-0.47488312683632944
650,-0.46271206555056016
651,-0.4482595627342737
652,-0.4359157692272891
653,-0.42950548506686126
654,-0.4291259475886438
655,-0.42939519408304977
656,-0.4215976848823373
657,-0.39925159024381673
658,-0.3623056191178566
659,-0.3160037848892738
660,-0.2663529808200649
661,-0.21722058617062967
662,-0.17221134080606523
663,-0.14004410420286342
664,-0.13398558777699454
665,-0.1601022835973181
666,-0.21222878392763653
667,-0.27913408951764507
668,-0.3496436290330319
669,-0.41331711181002334
670,-0.46174949881507515
671,-0.4916253797788006
672,-0.5056815560455754
673,-0.5094823554651348
674,-0.5079338023431552
675,-0.5049074585162143
676,-0.5038414072494345
677,-0.5068755658563711
678,-0.5137277984007602
679,-0.5217357011348066
680,-0.5268454498868945
681,-0.525358549487902
682,-0.5160879771926244
683,-0.5011892785054458
684,-0.48377054721307416
685,-0.46245872517493974
686,-0.42837789465712345
687,-0.3793865941896456
688,-0.33420342403967995
689,-0.30697289044816045
690,-0.29431898998665657
691,-0.2884673841110774
692,-0.28467165567088626
693,-0.28079230307251574
694,-0.2754841962149672
695,-0.2677871689039961
696,-0.258029379353552
697,-0.2478151672959027
698,-0.2382836981097624
699,-0.22914125754548523
700,-0.2196559993215785
701,-0.2100248037668144
702,-0.2010324422134278
703,-0.19199913162204277
704,-0.18001692555042792
705,-0.16259360722279326
706,-0.14158226722686965
707,-0.1246149086364918
708,-0.1221369793439814
709,-0.1415612559736766
710,-0.18237949143462182
711,-0.23510230031049312
712,-0.2850941807358177
713,-0.3202631367252586
714,-0.3372997407494338
715,-0.3419674268683339
716,-0.34427831562341826
717,-0.35236590793174993
718,-0.368727521823957
719,-0.3898755755667118
720,-0.40847983539885613
721,-0.4174592897573493
722,-0.4148091870181604
723,-0.4051189772624075
724,-0.39526016431493743
725,-0.38820820441861587
726,-0.38048307754621574
727,-0.36441355618089627
728,-0.3333431902791903
729,-0.2880595854506598
730,-0.24076352228404962
731,-0.20765870726257407
732,-0.19405104579426616
733,-0.19180874877989726
734,-0.18933891035072545
735,-0.18023112824768708
736,-0.1655213538092645
737,-0.15017938136507117
738,-0.13677592241919995
739,-0.12258221988604681
740,-0.10334642632666624
741,-0.07901343464312026
742,-0.05438099478385143
743,-0.035362860006671736
744,-0.026680131362869133
745,-0.031117747711379894
746,-0.04719486643536242
747,-0.06780904693495406
748,-0.08516864417824435
749,-0.09857457523999194
750,-0.11498684288865897
751,-0.14004346814173244
752,-0.169873563644623
753,-0.19343791708248811
754,-0.20210199533868028
755,-0.19640669357223492
756,-0.1835067450286917
757,-0.16971600097381945
758,-0.15732627866496188
759,-0.14700248573083335
760,-0.1405341831003605
761,-0.14074645008876402
762,-0.14988740097761924
763,-0.16853182118520255
764,-0.19524800384711744
765,-0.22632077513814158
766,-0.25535017718674874
767,-0.2736468933092044
768,-0.27286296017595524
769,-0.24970947896719853
770,-0.20987763217469338
771,-0.16650150041691147
772,-0.1330654254408106
773,-0.11742712955278829
774,-0.12126435808194518
775,-0.1434798947023607
776,-0.18290589457345235
777,-0.23540450219880632
778,-0.2894583615601023
779,-0.33170511524576995
780,-0.3573766541899007
781,-0.37105672652736943
782,-0.3801586021154594
783,-0.3883161822546233
784,-0.39328486589178885
785,-0.39191588912627107
786,-0.3861497300644557
787,-0.3819097525125115
788,-0.3829364397303466
789,-0.3873266637032223
790,-0.38989586649099245
791,-0.38694139812555495
792,-0.3794134484890055
793,-0.37358871073898914
794,-0.37868329021923985
795,-0.40072272225137784
796,-0.4357717494736172
797,-0.46985210871262784
798,-0.4895097910478744
799,-0.4938116077335062
800,-0.4926650191858252
801,-0.49485563866018434
802,-0.5015075065593558
803,-0.508395580039701
804,-0.510999674415879
805,-0.5080828240874429
806,-0.5028209845135388
807,-0.5010766474231648
808,-0.506449801249437
809,-0.5155163964528165
810,-0.5203789060230015
811,-0.5175618227579843
812,-0.5112114024080364
813,-0.5072787925229159
814,-0.5081777395811484
815,-0.5126349222237117
816,-0.5177685501517104
817,-0.5211161864742732
818,-0.5221851286224162
819,-0.5220825780194194
820,-0.5215083100567244
821,-0.5197254096773088
822,-0.5154005231168617
823,-0.508034077710314
824,-0.4986371531159279
825,-0.48954739772026873
826,-0.48405464191452025
827,-0.48555769892996253
828,-0.49501667757062023
829,-0.5079887768841073
830,-0.515871281167384
831,-0.5114838122185785
832,-0.4937375076787403
833,-0.4683209751106946
834,-0.44261708215017587
835,-0.41723992452230035
836,-0.383389990579377
837,-0.329211312620012
838,-0.24806095942710274
839,-0.142862804455811
840,-0.025538522747883333
841,0.09040103093313548
842,0.1977874919272734
843,0.2836233863353679
844,0.32882364261022656
845,0.34628309133123575
846,0.354190778535288
847,0.35848244819025116
848,0.3604668441306806
849,0.35983620135142647
850,0.3571216212187751
851,0.3569259199900124
852,0.3674720936777295
853,0.39280174513042204
854,0.4299906889210273
855,0.47721468890697594
856,0.5300568902386212
857,0.5794923937770843
858,0.6116839088256455
859,0.6111719542196747
860,0.5745231878516289
861,0.5184114826690384
862,0.46616710664790284
863,0.43102592872163725
864,0.4132544467262888
865,0.40632218757304267
866,0.4036435960967263
867,0.4016806062058742
868,0.39929656303740696
869,0.3966558423371538
870,0.39564365477803415
871,0.3995584637752074
872,0.4098781857918891
873,0.4227815714348719
874,0.4304331453540139
875,0.42691532397961085
876,0.4125637283633992
877,0.3927096746770914
878,0.3738533549252133
879,0.36129950272267514
880,0.35720244307439974
881,0.35722055174767076
882,0.3509953200242856
883,0.33145398349451916
884,0.3019554146267574
885,0.2707094635539211
886,0.24328382311967078
887,0.2221922028769466
888,0.2088492908569724
889,0.20342542159424518
890,0.20389748237294297
891,0.20676897804437905
892,0.20935119309153233
893,0.21117208055085795
894,0.21225067987857166
895,0.20964686432752946
896,0.19733971441319673
897,0.1717939933625089
898,0.1369104427758609
899,0.10110588965412304
900,0.07026141282811185
901,0.04401576344140067
902,0.016894085072756818
903,-0.017558517708239428
904,-0.06164127860363391
905,-0.11064784062788957
906,-0.15546556907957018
907,-0.18847706024199992
908,-0.20702777249176316
909,-0.21306036435809797
910,-0.21119526852646373
911,-0.2067725141658612
912,-0.20550165846212878
913,-0.21516292419765934
914,-0.24575695543903836
915,-0.30451435189040577
916,-0.38732547838238035
917,-0.474129164029898
918,-0.5407205837354647
919,-0.5768401969608946
920,-0.5860674160604
921,-0.5763731738908766
922,-0.5540316498315241
923,-0.5207760313067736
924,-0.4760770318977325
925,-0.42337839107585284
926,-0.37247718254898793
927,-0.3356271577780727
928,-0.32071027560931503
929,-0.3266305215074775
930,-0.34535621951692574
931,-0.3689998411022606
932,-0.39395635719800143
933,-0.41782401208479697
934,-0.43505867986356456
935,-0.4381523901509964
936,-0.4227853192589163
937,-0.3910991991114284
938,-0.35094033851803524
939,-0.3130098590001587
940,-0.2866016831921141
941,-0.27425624319191527
942,-0.27030564082105335
943,-0.2667204026991564
944,-0.25983750573851916
945,-0.2515650683025611
946,-0.24619983730925155
947,-0.24745519793322407
948,-0.2590383157277769
949,-0.2863555393744092
950,-0.33237563165081135
951,-0.389835443397382
952,-0.44382039403559903
953,-0.4833985904931579
954,-0.5067819634735968
955,-0.5180323654236512
956,-0.5219631675914034
957,-0.5220429778836243
958,-0.5217005559688487
959,-0.5244085007514814
960,-0.5312184808313473
961,-0.5401972998629111
962,-0.5480374659810374
963,-0.5505443195767773
964,-0.543007294262266
965,-0.5224746665684461
966,-0.49015701232121967
967,-0.4523931631079415
968,-0.42105270262474226
969,-0.40986463735490125
970,-0.42347155404095455
971,-0.4519292691953227
972,-0.4801204033433839
973,-0.4989500765209738
974,-0.5077903983747956
975,-0.5105215390259312
976,-0.5101269533133386
977,-0.5067618499880165
978,-0.5009058932585505
979,-0.49601217508736667
980,-0.4957376106917623
981,-0.5002389496419515
982,-0.5067485014352593
983,-0.5103242275957012
984,-0.5018252745223631
985,-0.4697012920227986
986,-0.408828147810622
987,-0.3278914763808052
988,-0.24590161977220423
989,-0.1807662251194998
990,-0.14075939008569635
991,-0.1237191848255215
992,-0.12132739062429175
993,-0.1248088720413785
994,-0.12887068350826453
995,-0.1321860092480813
996,-0.13569934434946876
997,-0.14072224465342034
998,-0.14776758630128495
999,-0.15599623959676742
1000,-0.16298979021767263
1001,-0.16505122223037796
1002,-0.15873083378457334
1003,-0.14275238087802125
1004,-0.11859447115424093
1005,-0.0902643341531873
1006,-0.06476083725371236
1007,-0.05199588061839601
1008,-0.061347315408953274
1009,-0.0944297262647622
1010,-0.13602438672853645
1011,-0.1716188606262455
1012,-0.1925661761924461
1013,-0.19858095573753376
1014,-0.19594707318976984
1015,-0.192979750913213
1016,-0.19544022853496
1017,-0.20458885352892764
1018,-0.21816861440997534
1019,-0.2327686334365763
1020,-0.24563711777916947
1021,-0.25490560928169215
1022,-0.259515387104915
1023,-0.26002272808964544
1024,-0.2587251830964232
1025,-0.257736516651348
1026,-0.25681260553201457
1027,-0.2532336950943728
1028,-0.24357305510532049
1029,-0.22578533432490477
1030,-0.2011317035657274
1031,-0.17591752754535417
1032,-0.1605991844433984
1033,-0.1639040706671283
1034,-0.18716916476190137
1035,-0.22536109934705498
1036,-0.2710272970344997
1037,-0.31688175041884653
1038,-0.35763633824334246
1039,-0.39080487413570203
1040,-0.41565660476182026
1041,-0.4313353499998648
1042,-0.4354213638891572
1043,-0.4240787187510162
1044,-0.3948570089551317
1045,-0.350691728458587
1046,-0.30063174322752867
1047,-0.2556433162094382
1048,-0.2232372205403646
1049,-0.204951544243825
1050,-0.19744491351327226
1051,-0.19538905317822772
1052,-0.19425375856508767
1053,-0.19207493560851244
1054,-0.18911750543017597
1055,-0.1854178749956114
1056,-0.17914461842712712
1057,-0.16822547446886474
1058,-0.1532845256970733
1059,-0.13827527175963952
1060,-0.12827916725325159
1061,-0.1267481097804491
1062,-0.13404154150243952
1063,-0.1477231974680123
1064,-0.16435306961410345
1065,-0.18146461360869082
1066,-0.19769452367158538
1067,-0.21081378606309756
1068,-0.21652732234535024
1069,-0.21004955841898662
1070,-0.1906350595878857
1071,-0.16218914337240328
1072,-0.13088228537537297
1073,-0.10210001512239725
1074,-0.07748750889971705
1075,-0.055330529555650605
1076,-0.0332647202981309
1077,-0.00992963168074065
1078,0.014327428697186067
1079,0.03628468221766875
1080,0.05031367899596404
1081,0.05281329831287432
1082,0.0468811307673025
1083,0.040861601408676645
1084,0.04140905883858708
1085,0.04828082837016551
1086,0.05607167055251997
1087,0.060277428881341084
1088,0.060362626902769834
1089,0.05787380470789288
1090,0.05403677323337583
1091,0.04890219805294882
1092,0.041471129164796984
1093,0.03127533448236559
1094,0.0208323050586665
1095,0.016279221918829637
1096,0.024673771703706028
1097,0.04943969127556878
1098,0.08747973009159789
1099,0.13069627308200474
1100,0.17074036023465874
1101,0.20320580640655492
1102,0.22810225795393338
1103,0.246086044990272
1104,0.25438254836846486
1105,0.24730411823093265
1106,0.2217803114537399
1107,0.18321140566528793
1108,0.14381083277323856
1109,0.11313353216195454
1110,0.0921011028134482
1111,0.07529103533085155
1112,0.0567720914484627
1113,0.03499374387892779
1114,0.012971402234661185
1115,-0.006371049728888171
1116,-0.02451392432459436
1117,-0.046492508484751636
1118,-0.07574812651060048
1119,-0.10960079745294976
1120,-0.13954911471873915
1121,-0.1575539559512826
1122,-0.164564675567947
1123,-0.1708347134944547
1124,-0.1855476980827371
1125,-0.20918812073246826
1126,-0.23506682533061726
1127,-0.25551631434876265
1128,-0.2672708848902558
1129,-0.27198154490035076
1130,-0.2721263566013793
1131,-0.26824192540718544
1132,-0.2605838339271613
1133,-0.2510597427417873
1134,-0.24218254382859583
1135,-0.23511508215362925
1136,-0.2301006221546721
1137,-0.22808382638335864
1138,-0.23000981264042294
1139,-0.23466269689210306
1140,-0.23897273549932038
1141,-0.24119588853205637
1142,-0.24382159377494944
1143,-0.2530936195114531
1144,-0.27372580225244897
1145,-0.3034988194593101
1146,-0.33545685861512664
1147,-0.36437141688007874
1148,-0.38896537891598615
1149,-0.40932114340195924
1150,-0.4237626872112505
1151,-0.42802271948044457
1152,-0.41757319744270316
1153,-0.3920583454782056
1154,-0.3577265619005493
1155,-0.32463771023164867
1156,-0.30121452198349297
1157,-0.2905137419412089
1158,-0.28949774108290516
1159,-0.29099774705766634
1160,-0.28766898598427554
1161,-0.2759241908484166
1162,-0.25771786361857457
1163,-0.23974783109860034
1164,-0.23030317583811355
1165,-0.23488174528184783
1166,-0.2531320548481229
1167,-0.2786299038601043
1168,-0.3014510810832734
1169,-0.3132406622502459
1170,-0.31193884408478456
1171,-0.30185208748167663
1172,-0.2893488511795171
1173,-0.2791131014869357
1174,-0.2732702250637392
1175,-0.27186996636466
1176,-0.27343434565669833
1177,-0.2757451170824324
1178,-0.27678725236051893
1179,-0.27545394116848654
1180,-0.272473808672977
1181,-0.2716098485850292
1182,-0.2796355579759709
1183,-0.30362237688590565
1184,-0.34524237258081397
1185,-0.3948431702978323
1186,-0.43581326019038447
1187,-0.459864442487663
1188,-0.46971747471225866
1189,-0.4710354433698942
1190,-0.4689805957037092
1191,-0.466601575652046
1192,-0.46305031317813466
1193,-0.45466576657662466
1194,-0.4386816502916789
1195,-0.4159675765494931
1196,-0.3905678311854084
1197,-0.3673555353495799
1198,-0.35012036065891355
1199,-0.3403097334691252
1200,-0.3365941319078735
1201,-0.3361730979819528
1202,-0.33661010881701836
1203,-0.33572619904280615
1204,-0.3302823212085895
1205,-0.3165299005862542
1206,-0.29262506806199956
1207,-0.2600410075393743
1208,-0.22352314728424502
1209,-0.19121103964813504
1210,-0.17316538665468084
1211,-0.175649901206824
1212,-0.1951751912860301
1213,-0.21943107906169362
1214,-0.23524703235538968
1215,-0.23632309140816635
1216,-0.2245126471295067
1217,-0.20595020286365381
1218,-0.187332720481226
1219,-0.17443243761407504
1220,-0.17157005145789142
1221,-0.18085733298691567
1222,-0.2011289479409631
1223,-0.22742705027405766
1224,-0.2521931417957318
1225,-0.26787004298969835
1226,-0.2699752215463368
1227,-0.2598079555735002
1228,-0.2445932559737975
1229,-0.23300536354937268
1230,-0.22918685924657595
1231,-0.23115845828980813
1232,-0.2344150143409625
1233,-0.23594058688105277
1234,-0.23515160016508888
1235,-0.23256072821927978
1236,-0.22865334101600965
1237,-0.2238952752621462
1238,-0.21920747357393044
1239,-0.21618380184540284
1240,-0.21592576566444222
1241,-0.21661187111848068
1242,-0.21231523478261752
1243,-0.19454728285610604
1244,-0.15522850875556085
1245,-0.09118966884807501
1246,-0.011919823466977597
1247,0.05810074295726771
1248,0.09787145628474872
1249,0.1084315417022837
1250,0.1045944097269515
1251,0.09953889159151903
1252,0.09895789398605426
1253,0.10311578735784639
1254,0.11084915815834735
1255,0.12085167057767617
1256,0.13190586870313095
1257,0.14635942420571374
1258,0.17302145970630012
1259,0.21920098494809148
1260,0.27917826535017937
1261,0.3385266858963731
1262,0.3862078783211427
1263,0.418361636377106
1264,0.43604091550272256
1265,0.4424350208516661
1266,0.4407759111917006
1267,0.43351873026195775
1268,0.42301902236061173
1269,0.41269758197381357
1270,0.4069056657940523
1271,0.40769269652720536
1272,0.41201441194390015
1273,0.4139366496341986
1274,0.4082230611374299
1275,0.3920100366139233
1276,0.36738989237107583
1277,0.34351878530824376
1278,0.3324840232824942
1279,0.341341685967887
1280,0.3684545790505048
1281,0.40609227867941894
1282,0.44572520385337117
1283,0.4811762302804286
1284,0.5080412917195888
1285,0.5223996916657059
1286,0.5219399258306014
1287,0.5089177488653274
1288,0.4910179250791069
1289,0.47687890926387577
1290,0.4700867499841932
1291,0.4685403586117579
1292,0.46932794599467137
1293,0.4725893045958554
1294,0.4801072128244546
1295,0.4919632745285478
1296,0.5056258722572684
1297,0.5171339446317075
1298,0.5225514983331586
1299,0.5189481260637835
1300,0.5052668234239843
1301,0.48368452125100586
1302,0.459625683986323
1303,0.4386561245281309
1304,0.4231082972058638
1305,0.4118771736237004
1306,0.4027614168277646
1307,0.39468972960198456
1308,0.3888869058793528
1309,0.3891905495479814
1310,0.4007227660089732
1311,0.4258815641726185
1312,0.4585684453803894
1313,0.4823331870531496
1314,0.4813936078504482
1315,0.4552693440119037
1316,0.4153649907680787
1317,0.371633355379757
1318,0.3268479297418875
1319,0.27967666451500933
1320,0.2309152824735437
1321,0.1874035179525314
1322,0.1597726696387752
1323,0.15442891870686118
1324,0.16805922281450825
1325,0.19159801792466352
1326,0.21740644707550066
1327,0.24125291595981793
1328,0.26068518018760545
1329,0.27438083552801834
1330,0.28252783139050913
1331,0.2863755045514072
1332,0.2866322958557533
1333,0.28295340018461584
1334,0.2799207653029377
1335,0.29143532705615305
1336,0.325459645720774
1337,0.37316898135148124
1338,0.4158665907087471
1339,0.43644060273781105
1340,0.4291146057902404
1341,0.40293580507059024
1342,0.3749082591072166
1343,0.35853540242293863
1344,0.3581286126363153
1345,0.3701266301290473
1346,0.38755013574834496
1347,0.40486751557210365
1348,0.4203415089769162
1349,0.4344330609746859
1350,0.4470313144214295
1351,0.4569412264295489
1352,0.46333947201484865
1353,0.46675654468816524
1354,0.468667031743641
1355,0.470414546214912
1356,0.47241387444141325
1357,0.4743016978889038
1358,0.475869874734765
1359,0.47762022059772835
1360,0.48024340199256527
1361,0.48370817125876864
1362,0.4869934290277624
1363,0.48867585299645305
1364,0.4875749137806548
1365,0.48269820718695966
1366,0.4729236028107971
1367,0.4591181681019631
1368,0.44270004084993675
1369,0.42493120863579503
1370,0.4076623641737595
1371,0.3921595036807934
1372,0.37851336774719224
1373,0.36652481006845816
1374,0.3567258369439546
1375,0.3501288065007369
1376,0.3475923197393484
1377,0.3500147437039083
1378,0.35836774696391965
1379,0.372335596940547
1380,0.3890226359184136
1381,0.40415862408609915
1382,0.41482357693516986
1383,0.420689425314608
1384,0.4230978052490999
1385,0.4234064607307068
1386,0.42188525505035307
1387,0.41767830202770845
1388,0.4097518498942162
1389,0.3983363420431324
1390,0.38586695824107625
1391,0.3763599464060335
1392,0.37336754264006844
1393,0.3778404432546691
1394,0.38691515226804324
1395,0.3937111719690483
1396,0.3873542422136583
1397,0.3520141137350307
1398,0.26593900204827225
1399,0.11517552389996066
1400,-0.05212046043462622
1401,-0.14855792125456932
1402,-0.17410847503182567
1403,-0.1728148604997086
1404,-0.16572625921237144
1405,-0.14923324893897794
1406,-0.11107412831569448
1407,-0.04257977481084672
1408,0.054223417827617054
1409,0.1614473595757535
1410,0.25125840418541034
1411,0.3092829739151213
1412,0.34299507028188714
1413,0.3646365644988928
1414,0.38090847832577607
1415,0.3942868239230127
1416,0.405438132595822
1417,0.414697323806225
1418,0.4227772321295521
1419,0.4305355598835657
1420,0.43883945176917905
1421,0.44892695759809786
1422,0.4621054753496419
1423,0.47799502907742203
1424,0.49211055752558275
1425,0.49491321536759014
1426,0.47507636492099703
1427,0.426516213244111
1428,0.3315577180042699
1429,0.18616986269332642
1430,0.03641905518372333
1431,-0.06333350197533086
1432,-0.11263517585798098
1433,-0.13415185040383293
1434,-0.14283612929021647
1435,-0.14547492005986917
1436,-0.1439505740667896
1437,-0.13555342505208323
1438,-0.11605175280298238
1439,-0.08365702513227823
1440,-0.034051328663117435
1441,0.044610066472655675
1442,0.1533857458723147
1443,0.26610277817547506
1444,0.35454076340318647
1445,0.40912457259145724
1446,0.4321483791468746
1447,0.4302246542388835
1448,0.41391031579520365
1449,0.3970109801061031
1450,0.3915142364164177
1451,0.4017901049942174
1452,0.4230101365627942
1453,0.4456930292103251
1454,0.4633177225981627
1455,0.47550063099668816
1456,0.4847817186058782
1457,0.4921106303324752
1458,0.4949258344681033
1459,0.48952081985110685
1460,0.47727185798788546
1461,0.46522415198845357
1462,0.45847303341942874
1463,0.457399080314043
1464,0.46038990545767583
1465,0.4654572365127398
1466,0.4702040347518398
1467,0.4720925712351003
1468,0.46938588376568224
1469,0.461748322620157
1470,0.4496381009831464
1471,0.43312986597626085
1472,0.41175733182930124
1473,0.3857502899396872
1474,0.3572266102421777
1475,0.32950586276787874
1476,0.30381327912701755
1477,0.2749265086951159
1478,0.23027054241190312
1479,0.1581563959371052
1480,0.061717239087508986
1481,-0.0395659909528333
1482,-0.12517820903539514
1483,-0.1859834685910469
1484,-0.223638322119729
1485,-0.24440978493551402
1486,-0.25441200746907683
1487,-0.2572649739933859
1488,-0.2534948987589965
1489,-0.24202170591765795
1490,-0.22317106990303023
1491,-0.20037734128388177
1492,-0.1788909677086047
1493,-0.16319498058683818
1494,-0.15556624908914557
1495,-0.15572310602996658
1496,-0.1605461937127954
1497,-0.1643520783776592
1498,-0.160696478489014
1499,-0.14512628110517037
1500,-0.11715983778758178
1501,-0.08056121018214012
1502,-0.04179808124245161
1503,-0.006989546089315968
1504,0.020684178176283135
1505,0.04089204278706769
1506,0.05455490786043005
1507,0.0634771212294684
1508,0.07013081534152861
1509,0.07595533064134237
1510,0.08038749396393945
1511,0.08248963741796811
1512,0.08256329322544977
1513,0.08046661001732021
1514,0.07265497957170124
1515,0.052933107957863205
1516,0.017620379782992867
1517,-0.029590128750642878
1518,-0.07944356887637266
1519,-0.12483666852415753
1520,-0.1643496798596399
1521,-0.1983564328831718
1522,-0.22567086677986511
1523,-0.24537939389857105
1524,-0.2591795662387302
1525,-0.26939183627422664
1526,-0.2760115274673159
1527,-0.2770574498272179
1528,-0.27115214408464666
1529,-0.2592020272205474
1530,-0.24373352612088753
1531,-0.22709519634695927
1532,-0.21061647477768958
1533,-0.19532373946405748
1534,-0.18282028096617553
1535,-0.17492595179259895
1536,-0.1721275712653267
1537,-0.17233140310818434
1538,-0.1713628257550028
1539,-0.16497657666404475
1540,-0.15080916711927286
1541,-0.1294733065327517
1542,-0.10458826987796978
1543,-0.08134924325003984
1544,-0.06410415490671131
1545,-0.05439801239543542
1546,-0.05083566889333225
1547,-0.0508811861733777
1548,-0.05293680856338796
1549,-0.05678755049553613
1550,-0.06236964553689585
1551,-0.06842798103910683
1552,-0.0725467362673655
1553,-0.07239292496952182
1554,-0.06698626291725825
1555,-0.057277252488927836
1556,-0.04610948190066725
1557,-0.037389098177206745
1558,-0.034171827388817425
1559,-0.03650752143766239
1560,-0.04066535419212462
1561,-0.04049672188491698
1562,-0.030107222961813774
1563,-0.00675666893227585
1564,0.02697196511589159
1565,0.06346814483604218
1566,0.09378105254058255
1567,0.11209810340952579
1568,0.11800926865853345
1569,0.11566245483883839
1570,0.11054489612076318
1571,0.10632577099717576
1572,0.10418232959173669
1573,0.10421867759444224
1574,0.10666235715360535
1575,0.11220281364785785
1576,0.12206918433197432
1577,0.13773580956828885
1578,0.16010508440822085
1579,0.18890647389593185
1580,0.2226636626851528
1581,0.25868669391220944
1582,0.2930848668423388
1583,0.32141270604702954
1584,0.34009001578787207
1585,0.3480010908954808
1586,0.34764036616609706
1587,0.3445005524059387
1588,0.3434171437835655
1589,0.34369816300412537
1590,0.33903071560093956
1591,0.32534950080097685
1592,0.3082782807132755
1593,0.2989426151107082
1594,0.30058477404544226
1595,0.30098349790397394
1596,0.28327470348879824
1597,0.2440248472294451
1598,0.19314745482201295
1599,0.14218030867115974
1600,0.09883949570616052
1601,0.06717761157019263
1602,0.04859474628412729
1603,0.04258068816479626
1604,0.04690425752054086
1605,0.05718727509704345
1606,0.06743969063582544
1607,0.07274778470048751
1608,0.07191842379538255
1609,0.06738511555727941
1610,0.06309561009888673
1611,0.06240438671156679
1612,0.06696932184046549
1613,0.07672047159796637
1614,0.09057704578091096
1615,0.10725346383696448
1616,0.12578509420561318
1617,0.14570183940455939
1618,0.1666338439943261
1619,0.18730535810958682
1620,0.2047592950400208
1621,0.2150381025078989
1622,0.21500198924823458
1623,0.20371367826384873
1624,0.18326883891861315
1625,0.1602924285856947
1626,0.14692132627757598
1627,0.15659729546115606
1628,0.19256847709012317
1629,0.24011739302872387
1630,0.27867015305065096
1631,0.3012090058068034
1632,0.31413333068323296
1633,0.32463603329477025
1634,0.33378718345064995
1635,0.3368878375582878
1636,0.328190187018123
1637,0.30743086851236756
1638,0.28099167067370523
1639,0.2559003549846337
1640,0.23517477183773614
1641,0.2182707548443743
1642,0.203345375534725
1643,0.18915968518754345
1644,0.1763173103666823
1645,0.16682223231134485
1646,0.16156949460997816
1647,0.15857139169337048
1648,0.15605774403302117
1649,0.15866587921765976
1650,0.17631326271577374
1651,0.21243171894695853
1652,0.2573322273844174
1653,0.2956785818169422
1654,0.3185510721252143
1655,0.3291444511792978
1656,0.3387832099916224
1657,0.3579631278612594
1658,0.38983815086658336
1659,0.42950208605707285
1660,0.4680699006998862
1661,0.4983008703342655
1662,0.5174095619932603
1663,0.5260206149734762
1664,0.5262946963803372
1665,0.5210469720807539
1666,0.5125780246017041
1667,0.5010768560372704
1668,0.4852553750030822
1669,0.46570648187260655
1670,0.4462950637801105
1671,0.43053796417387447
1672,0.4172029012375331
1673,0.4005297608961087
1674,0.37429310242691205
1675,0.33534297414189057
1676,0.28457860923461514
1677,0.22571690918371426
1678,0.16298881730382273
1679,0.09943716406504297
1680,0.03693688344102239
1681,-0.02261947072856178
1682,-0.0762045175334897
1683,-0.11931191251219783
1684,-0.1472391908217077
1685,-0.15832473759732532
1686,-0.15597402363141624
1687,-0.14601703793540355
1688,-0.13199491567076846
1689,-0.11299823400978108
1690,-0.08487522753459292
1691,-0.04478206952772253
1692,0.002482316110028755
1693,0.04444649608354152
1694,0.07105225973588282
1695,0.0826633396798872
1696,0.0859724404065634
1697,0.08446473130556717
1698,0.07491816309562548
1699,0.053973089065379905
1700,0.02677973599553856
1701,0.005293318964134029
1702,-0.0025244823668633372
1703,0.0003795230194156275
1704,0.004028107395518179
1705,0.0010768417342919524
1706,-0.008050364800890752
1707,-0.017965920119447108
1708,-0.025061810380598133
1709,-0.03406397860812549
1710,-0.059582287254019296
1711,-0.11826700065537302
1712,-0.21126004641909085
1713,-0.30632599701578356
1714,-0.35746766827180554
1715,-0.3562852059422871
1716,-0.33176684427508774
1717,-0.31449381208223726
1718,-0.31724623991822
1719,-0.3357777887296314
1720,-0.35989084289406315
1721,-0.382902126355979
1722,-0.4034536383575657
1723,-0.42226215249739196
1724,-0.4391457230101715
1725,-0.45271084897587793
1726,-0.46118316397712117
1727,-0.46283253029101074
1728,-0.4567471604777233
1729,-0.44516884496822773
1730,-0.4350564880758137
1731,-0.4334637298037238
1732,-0.4385274812224203
1733,-0.4392090726957778
1734,-0.42706529635225765
1735,-0.4019134117999639
1736,-0.3663310311127737
1737,-0.32181670593095146
1738,-0.2702189471211403
1739,-0.2158145594352543
1740,-0.16489992088435781
1741,-0.12285474159386492
1742,-0.09148081468790967
1743,-0.06925059436575258
1744,-0.05406155816340823
1745,-0.04544318406748241
1746,-0.043780339192751344
1747,-0.047875920812431326
1748,-0.054447740254757925
1749,-0.06115997822646159
1750,-0.0700510679915036
1751,-0.08619022457839068
1752,-0.1120382565326537
1753,-0.14412080438576402
1754,-0.1756014333826256
1755,-0.20061484425217413
1756,-0.21489286522842793
1757,-0.21440731377662048
1758,-0.19548867060915748
1759,-0.15597986336080902
1760,-0.09840212716581649
1761,-0.0355611339237599
1762,0.012501785896357013
1763,0.03597460755536712
1764,0.04260068635564779
1765,0.04449496612594898
1766,0.04727475623492646
1767,0.050932588735127085
1768,0.05452100250460875
1769,0.058933325415673456
1770,0.06719370290850742
1771,0.08263428529527556
1772,0.10600154171591579
1773,0.13401260200107634
1774,0.16039917513775628
1775,0.17704273569667542
1776,0.17425004515292433
1777,0.14728227599534807
1778,0.10876759173978957
1779,0.07837910363923589
1780,0.06348894662536667
1781,0.06082733383028866
1782,0.06435981498830966
1783,0.06938253209197941
1784,0.07382669358523973
1785,0.07843445176424883
1786,0.08561077842190826
1787,0.09657178808605563
1788,0.10883672431542814
1789,0.11756494701883007
1790,0.12055751553171849
1791,0.12109574304738235
1792,0.12492043844185978
1793,0.13639768458129448
1794,0.15840919795656122
1795,0.1917635984333517
1796,0.2308059091196676
1797,0.26174776642666703
1798,0.27162606864528155
1799,0.2603255522742747
1800,0.2401768764210116
1801,0.2249846628464053
1802,0.2207554353101933
1803,0.22501244561794845
1804,0.23290514230900478
1805,0.2425576877661207
1806,0.25444313518745
1807,0.2666668428978822
1808,0.2726429522308871
1809,0.26497374757605746
1810,0.24240188789551245
1811,0.21299487641521017
1812,0.1890232911324396
1813,0.17770071612968255
1814,0.17743635158844923
1815,0.18075808026145462
1816,0.1782818195462181
1817,0.1617117909674523
1818,0.1263881229602096
1819,0.07171637825734622
1820,-0.0021334345033587093
1821,-0.09681754623042618
1822,-0.20723662987019187
1823,-0.30634205184245256
1824,-0.36772465729610876
1825,-0.3973347473135727
1826,-0.4118754960404751
1827,-0.4203660687985831
1828,-0.42590042479953144
1829,-0.42996443432934583
1830,-0.4339337068981944
1831,-0.43849267191423985
1832,-0.44359607445873084
1833,-0.4497308336401933
1834,-0.45776394907415086
1835,-0.4661259769837327
1836,-0.4697684326436857
1837,-0.4643779802963243
1838,-0.4513625004303529
1839,-0.4371969934086206
1840,-0.42810714472778993
1841,-0.4257671527057005
1842,-0.4273509439295425
1843,-0.428282231755925
1844,-0.4224675316265972
1845,-0.3935762395176108
1846,-0.30309124425075307
1847,-0.14470562932202014
1848,0.005776302388062833
1849,0.1101582504759944
1850,0.17631854145679052
1851,0.21636390724653629
1852,0.2393840681353939
1853,0.25227500377871587
1854,0.26043145930915546
1855,0.2684362189270761
1856,0.2804883148080195
1857,0.2998161555751224
1858,0.32729122776138914
1859,0.36077741811836667
1860,0.396197533198927
1861,0.42954342266261547
1862,0.45821529283369733
1863,0.48106356708855663
1864,0.49791020787671336
1865,0.5090988760201643
1866,0.5149696502705463
1867,0.5156745319269824
1868,0.5114311163676168
1869,0.5026332522782864
1870,0.4898085065633542
1871,0.47416671614244665
1872,0.45832619357602333
1873,0.44571045576296925
1874,0.43857482082962196
1875,0.4363917903625
1876,0.4360534558536307
1877,0.43364241553295696
1878,0.4263730884679972
1879,0.413469787804311
1880,0.395570818735552
1881,0.3731533570304541
1882,0.34538349110775746
1883,0.3111047569800696
1884,0.271429099958001
1885,0.2305789058605828
1886,0.19381515109171696
1887,0.1649898165341214
1888,0.1456095038265611
1889,0.13514864942134952
1890,0.1317328231302336
1891,0.13278689034114827
1892,0.13554894385202215
1893,0.1375440165673591
1894,0.13701982905744373
1895,0.1330109225434315
1896,0.12504425525240986
1897,0.11313903984231892
1898,0.09828174309624976
1899,0.08256796485062572
1900,0.06848266372457545
1901,0.05783580954131456
1902,0.05129286061308937
1903,0.04883521421666104
1904,0.05036899077714253
1905,0.05537059277642982
1906,0.061547872972353194
1907,0.06430105073347586
1908,0.058522778336381975
1909,0.04135443410569543
1910,0.013250569065318069
1911,-0.022926685450750252
1912,-0.06308913452208759
1913,-0.10286062525187213
1914,-0.13974303932004234
1915,-0.17494668052723036
1916,-0.21124199742756786
1917,-0.24878976343646467
1918,-0.28374273512667475
1919,-0.3115796612169967
1920,-0.3310520724474917
1921,-0.34457614442522966
1922,-0.3566480895341444
1923,-0.3723606884366995
1924,-0.39562472831793943
1925,-0.4266470241077506
1926,-0.4602215373248762
1927,-0.48720181319911615
1928,-0.4990126566043043
1929,-0.4914820232353054
1930,-0.4650127631223713
1931,-0.4228644229284522
1932,-0.3705335022363058
1933,-0.31597257544354573
1934,-0.26841868721105405
1935,-0.2347674315999815
1936,-0.21507123893710972
1937,-0.2012339946236687
1938,-0.18262677814583997
1939,-0.15610761836312834
1940,-0.13017063351377597
1941,-0.11740166861298472
1942,-0.12318898618192115
1943,-0.14144667698941157
1944,-0.16029102600191059
1945,-0.17159777172641
1946,-0.17597266380907406
1947,-0.1800653307167776
1948,-0.18850345370128613
1949,-0.19857663140002715
1950,-0.20348646871455595
1951,-0.19798794682683934
1952,-0.17990681871930264
1953,-0.1496142545349168
1954,-0.11125516979223317
1955,-0.07219144465678692
1956,-0.037552873535416996
1957,-0.010302557442273033
1958,-0.006137382466476541
1959,-0.06406802021593601
1960,-0.20398969204900105
1961,-0.37344569676689204
1962,-0.5054519023437536
1963,-0.5813245491422221
1964,-0.6143465855662379
1965,-0.6240739393221816
1966,-0.6264379918482835
1967,-0.6305562381253659
1968,-0.6383080933804294
1969,-0.6464513133779789
1970,-0.6501051159633258
1971,-0.6464177835440352
1972,-0.6372712157585924
1973,-0.6285920047502286
1974,-0.6253664362951348
1975,-0.6270926216849939
1976,-0.6292587894339171
1977,-0.6291587207610589
1978,-0.6284431201002776
1979,-0.6296240928803467
1980,-0.6324570978360683
1981,-0.6344154257628438
1982,-0.6325305434758423
1983,-0.6249153698163818
1984,-0.6124008793529309
1985,-0.5984248587332999
1986,-0.5867355254770715
1987,-0.579689738284875
1988,-0.5785179868205501
1989,-0.5839393784222244
1990,-0.5956978748305112
1991,-0.6119447356650424
1992,-0.6297608954789483
1993,-0.6451418994305903
1994,-0.6471666237055673
1995,-0.6016263508577444
1996,-0.46829138823109084
1997,-0.2919504855739618
1998,-0.13662347587406215
1999,-0.008469069365334134
2000,0.09887186446092516
2001,0.18431482542450264
2002,0.24432270259953656
2003,0.2801642415078984
2004,0.29998021190379753
2005,0.31419983726491674
2006,0.3294616903645094
2007,0.34701066063265257
2008,0.3650962572265069
2009,0.3816288462799171
2010,0.39533758575393657
2011,0.40586533230470956
2012,0.41339548374324087
2013,0.4180542110085882
2014,0.4193792846101352
2015,0.4161161211265271
2016,0.4069148778573121
2017,0.3921730444479183
2018,0.37564474122515235
2019,0.36552329453132565
2020,0.36673780239719866
2021,0.3819439292528828
2022,0.40829262372692493
2023,0.43785127115657313
2024,0.4613946745289889
2025,0.47331995637578084
2026,0.47420889726652354
2027,0.4703031123509147
2028,0.4704658796280833
2029,0.4797205018072343
2030,0.49426024934390644
2031,0.5060843742621067
2032,0.5114340112659521
2033,0.5116052328794505
2034,0.507529029353782
2035,0.4967928592591544
2036,0.47701401070286864
2037,0.4504351766286716
2038,0.423461568025789
2039,0.40244390334042524
2040,0.3898242801956266
2041,0.38317445213326995
2042,0.37747154174815856
2043,0.36827179059507276
2044,0.3530671500018155
2045,0.33082503199524915
2046,0.3015521450388865
2047,0.26672786094274537
2048,0.22973711740428815
2049,0.19527989619918132
2050,0.16784064753923322
2051,0.15027658807413233
2052,0.14305158902530718
2053,0.14438728768355893
2054,0.15185976105788015
2055,0.16456772390880117
2056,0.18287621089239006
2057,0.20472353669713125
2058,0.2224148544128834
2059,0.22362363316236467
2060,0.19618514365162237
2061,0.13669922718022098
2062,0.062108262749819794
2063,0.002049534198077154
2064,-0.030404677276272718
2065,-0.041356573130328374
2066,-0.039995189001226485
2067,-0.03291314544941457
2068,-0.025760293917970033
2069,-0.023284302645543285
2070,-0.027499256449059643
2071,-0.036746563382421785
2072,-0.046580524739269054
2073,-0.05256873795589703
2074,-0.05301852159953917
2075,-0.04914145898611531
2076,-0.043584430514941694
2077,-0.0390285685219113
2078,-0.036993342477313645
2079,-0.03920208760487147
2080,-0.042085401874290454
2081,-0.04356710824673935
2082,-0.04196313180057545
2083,-0.03539723391351516
2084,-0.022414232608857464
2085,-0.0034480298778009236
2086,0.017500254425208674
2087,0.030845679195036092
2088,0.020923143176969385
2089,-0.029845529120439626
2090,-0.12990881886513586
2091,-0.25926318712009
2092,-0.36235272473325947
2093,-0.3965389004444714
2094,-0.3776960751418167
2095,-0.343351052470114
2096,-0.31268313213260496
2097,-0.28747444559746244
2098,-0.26522814259415756
2099,-0.2464864034891524
2100,-0.23386213621351126
2101,-0.22746454144103934
2102,-0.22424199183221538
2103,-0.22107534736126502
2104,-0.21620447531091957
2105,-0.2084544851945341
2106,-0.19652957896732628
2107,-0.17942480676286868
2108,-0.15793962054771102
2109,-0.13620881919430522
2110,-0.12065325099584627
2111,-0.11535626179393253
2112,-0.11854148314518079
2113,-0.12572725361171
2114,-0.1356144686690074
2115,-0.14996512152440689
2116,-0.1674759982275931
2117,-0.1819624991638132
2118,-0.18988087582333102
2119,-0.19409977627703145
2120,-0.19848682508669774
2121,-0.20361216415113895
2122,-0.20695096376993377
2123,-0.20618352893047737
2124,-0.20280510028433596
2125,-0.20151365031356622
2126,-0.20566449208732254
2127,-0.2137893919578019
2128,-0.22018887443147
2129,-0.2189997285687003
2130,-0.20847694989919816
2131,-0.19139042267303463
2132,-0.17137711761382862
2133,-0.1494205548454192
2134,-0.12400013171650714
2135,-0.09471285135216742
2136,-0.06483931195015627
2137,-0.03940349373811284
2138,-0.021454714599243797
2139,-0.010721534659416188
2140,-0.004909081352376847
2141,-0.0017510222892599368
2142,-0.0008193140383761921
2143,-0.004283798448796037
2144,-0.015092991294080305
2145,-0.03318440862046727
2146,-0.05374998015452882
2147,-0.07009114509884393
2148,-0.07834198514833919
2149,-0.07978014033432813
2150,-0.07912148917422446
2151,-0.08103015502113793
2152,-0.08784817727078528
2153,-0.09883691333356108
2154,-0.11017292991927698
2155,-0.11572738357376038
2156,-0.10901211135183231
2157,-0.08646461138915347
2158,-0.05269794208688662
2159,-0.02080660659942178
2160,-0.0012395311601490276
2161,0.005639195146605611
2162,0.006479072561673393
2163,0.008338605423049473
2164,0.013078895240861164
2165,0.017836627542960812
2166,0.020328526885079783
2167,0.02240238479552913
2168,0.030295553465430353
2169,0.052635293292690476
2170,0.09660300371921672
2171,0.16305264913843992
2172,0.2401305539697175
2173,0.3035389465356514
2174,0.3355161167897845
2175,0.3392579134446695
2176,0.32776233521162296
2177,0.30572669334673386
2178,0.25964872712004167
2179,0.16558109689904588
2180,0.03614619198467658
2181,-0.06651306975722797
2182,-0.10768993137729667
2183,-0.10018572983274426
2184,-0.07282659200059166
2185,-0.05025387615543159
2186,-0.043672601362297815
2187,-0.05036833083588588
2188,-0.061105333243859423
2189,-0.06921751522983818
2190,-0.0741161011986662
2191,-0.07872728785970597
2192,-0.08691749578160299
2193,-0.10272915173297116
2194,-0.12783762432610332
2195,-0.15703873906264562
2196,-0.17927090226635167
2197,-0.1868970529199022
2198,-0.18089624445468958
2199,-0.1669195529264857
2200,-0.15072094637557673
2201,-0.13619379687987657
2202,-0.1245776405053663
2203,-0.11562293069080148
2204,-0.11054689152283424
2205,-0.11294980773337929
2206,-0.12459687026511629
2207,-0.14089387783352098
2208,-0.15398180930096442
2209,-0.15993424763498149
2210,-0.16109470552081764
2211,-0.1623515463876132
2212,-0.16672786524270464
2213,-0.1747526647767671
2214,-0.18670932263130974
2215,-0.20390470458478643
2216,-0.2274720312072687
2217,-0.25631028583879784
2218,-0.28583075317992285
2219,-0.30851948064213525
2220,-0.3174201864775609
2221,-0.31160175498163994
2222,-0.29807772753364026
2223,-0.2864721755485933
2224,-0.28206843859404657
2225,-0.2841829483084641
2226,-0.2896166399150719
2227,-0.2965480522883042
2228,-0.3052824515964358
2229,-0.3161980194853268
2230,-0.3272658977017185
2231,-0.3324054197537755
2232,-0.3216546401824381
2233,-0.2859447547643825
2234,-0.22923054704807905
2235,-0.17671739312564905
2236,-0.15653208063099772
2237,-0.17497879600590033
2238,-0.21615623258675226
2239,-0.2530060037415648
2240,-0.2610354910667252
2241,-0.23457179989539098
2242,-0.1897351177155759
2243,-0.1472633872969599
2244,-0.11660282932802159
2245,-0.09565866353072294
2246,-0.07978851385212848
2247,-0.06824028914177868
2248,-0.06303629668618807
2249,-0.06487763741714707
2250,-0.0715448712417262
2251,-0.07945862660751893
2252,-0.08589251427670838
2253,-0.08978106974730068
2254,-0.0912337704878444
2255,-0.09089735690185363
2256,-0.0894372410396996
2257,-0.08704517513005597
2258,-0.08338416459575244
2259,-0.07805800656398293
2260,-0.07102206925047887
2261,-0.06291222362691026
2262,-0.05513908946747434
2263,-0.048970945545047904
2264,-0.04405032874337512
2265,-0.03821179810328952
2266,-0.029040333991573675
2267,-0.015405799120314215
2268,0.002715570307867769
2269,0.025692052089441662
2270,0.05457094403375113
2271,0.08911158225120165
2272,0.12655662466341072
2273,0.16375261911611855
2274,0.19963801606489148
2275,0.23522416872675192
2276,0.2715721510342059
2277,0.30725014645837945
2278,0.3375256451919678
2279,0.35689475760246175
2280,0.3632160911780866
2281,0.3593968258791478
2282,0.3516515764648758
2283,0.34642566134253555
2284,0.34757541321463714
2285,0.3548988026224245
2286,0.3649043915105119
2287,0.3731259591700189
2288,0.37638505659611465
2289,0.3741037472454563
2290,0.36783959453476
2291,0.3577704435155217
2292,0.3380122199305373
2293,0.29773448888933934
2294,0.2328883492075458
2295,0.15928797086436117
2296,0.10965783463603848
2297,0.11299794797927376
2298,0.1661329105319633
2299,0.2179937367170151
2300,0.21113754644877
2301,0.13501176977142362
2302,0.019472789886320334
2303,-0.09505575561948905
2304,-0.1810326072987495
2305,-0.2306706746218856
2306,-0.25048392818697185
2307,-0.2550164072459354
2308,-0.2599890782199967
2309,-0.2737126338216781
2310,-0.294238362620714
2311,-0.31397959105542556
2312,-0.32381188171893616
2313,-0.3153443282523071
2314,-0.2857114743875306
2315,-0.24191102901822262
2316,-0.19724522091030305
2317,-0.16319503066520766
2318,-0.14508890959230686
2319,-0.14211057015930437
2320,-0.14805519062122766
2321,-0.150777339214507
2322,-0.13377866951220876
2323,-0.08640426474694594
2324,-0.01642118082499649
2325,0.05277882650617367
2326,0.09958636403900813
2327,0.11660595332203233
2328,0.11008836483457386
2329,0.09212796666970935
2330,0.07157631013917488
2331,0.05045261017786046
2332,0.02784563131630636
2333,0.00534075318997939
2334,-0.012135985415156089
2335,-0.0211775388374511
2336,-0.023415352145172198
2337,-0.02268686654747658
2338,-0.021466587273365135
2339,-0.020407913683253023
2340,-0.018813220930973235
2341,-0.014620228112799871
2342,-0.005257137545367926
2343,0.010388604743833107
2344,0.030864065659323474
2345,0.0530320669161586
2346,0.07377992626597107
2347,0.09121627256578023
2348,0.1051244137322928
2349,0.11672396789447592
2350,0.12760755041418256
2351,0.1383604235804516
2352,0.14800584720306514
2353,0.15467999883764105
2354,0.156549073255793
2355,0.15235348514312516
2356,0.14250828902397564
2357,0.13076245281167584
2358,0.12450173808333079
2359,0.13242566929964383
2360,0.1607858276134076
2361,0.21027495362832987
2362,0.27496720602905256
2363,0.34348267748414163
2364,0.401659679566521
2365,0.4377259584335831
2366,0.4498511930709823
2367,0.44896526862203956
2368,0.4504173650695036
2369,0.46150836315062604
2370,0.4764570434563531
2371,0.4820495691206892
2372,0.4688928160824733
2373,0.4374197916939897
2374,0.39404144962280285
2375,0.34563605074190584
2376,0.2979211585268064
2377,0.2555340208994526
2378,0.22136767819125833
2379,0.19559482158627647
2380,0.17568947749772712
2381,0.15769837734127387
2382,0.1382580958233269
2383,0.11673483227291963
2384,0.09662134815288238
2385,0.08435806208195952
2386,0.08427114056485836
2387,0.09419330565406636
2388,0.10835371632227338
2389,0.12293041057470146
2390,0.13750087429745633
2391,0.15291123685099173
2392,0.16883191773079095
2393,0.18327196729816028
2394,0.19403516224521575
2395,0.2002098700200701
2396,0.20244142194587542
2397,0.20235587410469777
2398,0.2018692167755043
2399,0.20238912612818397
2400,0.20394530501695227
2401,0.20519608747510096
2402,0.2046416323966657
2403,0.20178137254307557
2404,0.19736951053264976
2405,0.19322576065613392
2406,0.1917960665608937
2407,0.19495048871566115
2408,0.20227097110360906
2409,0.21047257491006635
2410,0.21518974092833945
2411,0.21378713360386062
2412,0.206355265708116
2413,0.19412328754360822
2414,0.17752179683820787
2415,0.15607996883172268
2416,0.12974652531388634
2417,0.0998173869201304
2418,0.06864606956515337
2419,0.038538185473110956
2420,0.010754715029600313
2421,-0.014650210754569735
2422,-0.03802628867576357
2423,-0.059238224155411225
2424,-0.07775735184874409
2425,-0.09369967241654746
2426,-0.10837088308104083
2427,-0.12327122427437957
2428,-0.13849910399142068
2429,-0.15216754676250815
2430,-0.16146679236484726
2431,-0.1644817280528004
2432,-0.16129730388971927
2433,-0.15408330294201
2434,-0.1462415271664611
2435,-0.1405989995122419
2436,-0.1375995602911041
2437,-0.13539998712395548
2438,-0.13214209136249908
2439,-0.12786403144843395
2440,-0.12431883399458774
2441,-0.12483316051613184
2442,-0.1361825692016199
2443,-0.1690049740255769
2444,-0.2323796125346408
2445,-0.32570836577885925
2446,-0.43333457363511624
2447,-0.5253969635405286
2448,-0.5781333294513935
2449,-0.5998619930515786
2450,-0.6153064705931262
2451,-0.6380035079539005
2452,-0.6679798513607855
2453,-0.6995574191080778
2454,-0.7266307356115059
2455,-0.7449434847047676
2456,-0.7532893139391025
2457,-0.7540614689647755
2458,-0.7519969257560593
2459,-0.7509710312431512
2460,-0.7514194176090001
2461,-0.7509596760976269
2462,-0.7475369568709105
2463,-0.7419884722630281
2464,-0.7379499176398058
2465,-0.7397164152222832
2466,-0.7497690834375479
2467,-0.7671752017684601
2468,-0.7877640651155696
2469,-0.8064209944612186
2470,-0.8198796376116653
2471,-0.8276626928392156
2472,-0.8306797799885062
2473,-0.8290821907981992
2474,-0.8214142391736144
2475,-0.8057308312591509
2476,-0.7815005540920454
2477,-0.7505718052879975
2478,-0.7165751562831945
2479,-0.6835605661746786
2480,-0.654837789604263
2481,-0.632553539982241
2482,-0.6179516562931471
2483,-0.6113531073095867
2484,-0.6110063641511984
2485,-0.6118989971265487
2486,-0.6070005740990961
2487,-0.5912231646199201
2488,-0.5645680985325576
2489,-0.5313940568449432
2490,-0.4975430634312952
2491,-0.4686924447715485
2492,-0.4496966139542716
2493,-0.44266802295584823
2494,-0.44421951700115286
2495,-0.44638292020575376
2496,-0.44369717906042516
2497,-0.4382616820105019
2498,-0.43455016523784973
2499,-0.43265158289951133
2500,-0.42986726795314895
2501,-0.42581603886820507
2502,-0.42259759364496213
2503,-0.4204593106135438
2504,-0.41500893010213546
2505,-0.398704173957132
2506,-0.3647476291352625
2507,-0.31128083117364047
2508,-0.2456771573671339
2509,-0.1870640171330852
2510,-0.15974362754744936
2511,-0.17633183129273292
2512,-0.22724552635417314
2513,-0.28930845860714943
2514,-0.34198675596656525
2515,-0.37594664818434725
2516,-0.3924256887810902
2517,-0.3989043165612505
2518,-0.40439239205586713
2519,-0.4155017160426189
2520,-0.43502420180795
2521,-0.46318182127698554
2522,-0.49838187558846603
2523,-0.5361046942447172
2524,-0.5697565300326707
2525,-0.5946210603551603
2526,-0.6098681170475329
2527,-0.6175260243877552
2528,-0.6214195130217942
2529,-0.6258813192831425
2530,-0.6331201236598639
2531,-0.6415462987849195
2532,-0.6475416369698986
2533,-0.6487184313444924
2534,-0.6453827911325835
2535,-0.6396861709169903
2536,-0.6338536332847575
2537,-0.6290446872990256
2538,-0.6253168675236465
2539,-0.6220243474738337
2540,-0.6183832701140664
2541,-0.6141036515823745
2542,-0.6094748239511921
2543,-0.6048440976250403
2544,-0.60054073342383
2545,-0.5975050851145387
2546,-0.5973354006141218
2547,-0.6010424394686925
2548,-0.608075629364652
2549,-0.6171552270921886
2550,-0.627541473616223
2551,-0.6386435817625297
2552,-0.6487651555850592
2553,-0.6554009724783312
2554,-0.657290299762186
2555,-0.6555760046331319
2556,-0.6523410527204715
2557,-0.64886107825598
2558,-0.6461721027751653
2559,-0.6458138472782392
2560,-0.6483062004592237
2561,-0.6517107231772823
2562,-0.6531699358156146
2563,-0.6518202793707029
2564,-0.6494291556960737
2565,-0.6485451375799896
2566,-0.6507793702844619
2567,-0.6560995311932487
2568,-0.6628145872801278
2569,-0.6683190818845481
2570,-0.6701182382944967
2571,-0.6663965980338872
2572,-0.6565075791405086
2573,-0.6419368408264751
2574,-0.6271355710526364
2575,-0.6179330052595056
2576,-0.6160063239281297
2577,-0.617101190271458
2578,-0.6188283871578895
2579,-0.621088427777092
2580,-0.6216526168603259
2581,-0.617482772893347
2582,-0.6059393503668754
2583,-0.5829122415991252
2584,-0.5398455152003551
2585,-0.4641571012332657
2586,-0.34968295486964607
2587,-0.21026369419430926
2588,-0.07401030995654065
2589,0.03637066658897111
2590,0.11365681196375693
2591,0.16167212146483026
2592,0.18629720956713902
2593,0.19241253211559423
2594,0.18596746258013877
2595,0.17348124846831467
2596,0.1584919721763162
2597,0.14214852516845844
2598,0.12967070145680262
2599,0.13199970045642165
2600,0.15362393478818084
2601,0.1812456468229207
2602,0.19449407302034608
2603,0.18509407737766156
2604,0.161080510781837
2605,0.13769845734333144
2606,0.12555024596641856
2607,0.12555673390778163
2608,0.1331121924207633
2609,0.14413975998432096
2610,0.1570354404084391
2611,0.1707048079236458
2612,0.18264967204450558
2613,0.19074342342187922
2614,0.19680790067259396
2615,0.20683524727176242
2616,0.22710487664350465
2617,0.2597371442175852
2618,0.3000320802412608
2619,0.33740186492665725
2620,0.36201291928545304
2621,0.37162911483744404
2622,0.37066729116876956
2623,0.36543977149802176
2624,0.36123419858574063
2625,0.36162776946041336
2626,0.3695345495550233
2627,0.388645043918109
2628,0.42301509212283994
2629,0.47386932887306654
2630,0.535853647864975
2631,0.597005353246363
2632,0.6443535052962053
2633,0.6713584821215443
2634,0.6810830424829396
2635,0.6826633646237513
2636,0.6847884751240672
2637,0.691869454014458
2638,0.704278474588514
2639,0.7197727852908957
2640,0.7346619878152045
2641,0.7452476928188393
2642,0.7491629218980467
2643,0.7462915506584336
2644,0.7394429195061153
2645,0.7331790262495265
2646,0.7301613485892511
2647,0.7293374592164308
2648,0.7285859224190002
2649,0.7274682588464828
2650,0.7266710565063774
2651,0.7268154064258365
2652,0.7287292027832175
2653,0.7325861370550368
2654,0.7356994535456456
2655,0.7328210020350805
2656,0.7194902978030261
2657,0.6940636518130024
2658,0.6571459954593878
2659,0.6116584414141462
2660,0.5632685750180562
2661,0.5197452797833693
2662,0.4890814150203098
2663,0.4745586431226647
2664,0.47114079303793893
2665,0.4702622958500364
2666,0.4674601228251467
2667,0.46384496500522004
2668,0.4625510217520335
2669,0.46555485404965974
2670,0.47328727605396037
2671,0.48555525080977163
2672,0.5015625541986513
2673,0.5192094420682479
2674,0.5355608373969721
2675,0.5489904255341758
2676,0.5608273422779768
2677,0.5734655713177246
2678,0.5857232861568576
2679,0.591157720397892
2680,0.5618891258677348
2681,0.5412807182559978
2682,0.5270882495601398
2683,0.517290442463979
2684,0.5105429934121075
2685,0.5059029858611551
2686,0.5026633635482346
2687,0.500151566810241
2688,0.4966020570184733
2689,0.48680970605193447
2690,0.4624877093429375
2691,0.4208056528049644
2692,0.3727979074361566
2693,0.3359777202818125
2694,0.31875609826700063
2695,0.3146790522273526
2696,0.30945730510750774
2697,0.2912871496756689
2698,0.2552902385910781
2699,0.20281606700867855
2700,0.1401144883719157
2701,0.0768279303007579
2702,0.021451632533968926
2703,-0.02347798780405364
2704,-0.06020356457039306
2705,-0.09222412310041932
2706,-0.1237651259226296
2707,-0.1599577523672803
2708,-0.205399149725406
2709,-0.2618611584830485
2710,-0.3264233503535283
2711,-0.3913403833432198
2712,-0.44722397592288204
2713,-0.4881660010998698
2714,-0.5141220276996373
2715,-0.5289980266796995
2716,-0.5372027871784717
2717,-0.5412441205581902
2718,-0.5418807004285817
2719,-0.5401811775586807
2720,-0.5385875405511138
2721,-0.5395483637090733
2722,-0.5437645855056135
2723,-0.5503190150783818
2724,-0.5569439515500834
2725,-0.5593317339878147
2726,-0.5538496496612442
2727,-0.542896026390332
2728,-0.5338726648089772
2729,-0.5319069498004673
2730,-0.5371630849616517
2731,-0.5484950140514584
2732,-0.5652142210637774
2733,-0.5847311002563323
2734,-0.6017960442870157
2735,-0.6130124044951893
2736,-0.6213338895920428
2737,-0.6320537325055061
2738,-0.6439938724057046
2739,-0.6488793854583457
2740,-0.63132571210287
2741,-0.6165655502301821
2742,-0.6063953157423801
2743,-0.5995646549979323
2744,-0.5919180558353461
2745,-0.5788958966413892
2746,-0.5593205440762086
2747,-0.5372629157642342
2748,-0.5201142182671148
2749,-0.5136494246563406
2750,-0.5176236010116888
2751,-0.5271764617390512
2752,-0.5392380419202747
2753,-0.5562410067968822
2754,-0.5825479108704579
2755,-0.6169913505712372
2756,-0.6502366042591543
2757,-0.6717933399548768
2758,-0.6794577377458911
2759,-0.6796361023203591
2760,-0.6794246050199075
2761,-0.680679017721725
2762,-0.6805419919566248
2763,-0.675166694611359
2764,-0.6625370303501217
2765,-0.6435254123421201
2766,-0.621448591747462
2767,-0.598760150181545
2768,-0.5707212687061561
2769,-0.5206657146229965
2770,-0.4241824474455335
2771,-0.28043742060172716
2772,-0.14757263365820084
2773,-0.0753581726067464
2774,-0.05281989963342433
2775,-0.04995540061119757
2776,-0.049625867473029
2777,-0.05203275910349501
2778,-0.06310499164090451
2779,-0.08073479261465322
2780,-0.09528669293860868
2781,-0.099188267098404
2782,-0.0896113221679909
2783,-0.06441923001388859
2784,-0.023551841474389382
2785,0.021903245236349022
2786,0.051643458984218106
2787,0.054178258215624796
2788,0.03566887784533076
2789,0.010641791153892145
2790,-0.01107012689578592
2791,-0.0276490603155122
2792,-0.04054758284968722
2793,-0.05065074302273732
2794,-0.05696475122783453
2795,-0.05664768833701042
2796,-0.04700205625394319
2797,-0.027641878637796626
2798,-0.0006715391007130218
2799,0.029300343286162135
2800,0.05373263852732493
2801,0.060458770763902804
2802,0.03893546040533953
2803,-0.012545432619527307
2804,-0.08497793232801185
2805,-0.16523665113028838
2806,-0.24321730427138216
2807,-0.3121419379553492
2808,-0.36649558340308125
2809,-0.4025228874311791
2810,-0.4200396257730303
2811,-0.42330434180531507
2812,-0.41979648433549016
2813,-0.4156442484944949
2814,-0.40984559160299266
2815,-0.3952376252662956
2816,-0.36869718293009557
2817,-0.33876612618816593
2818,-0.3179223513505612
2819,-0.3103956378082985
2820,-0.3103489940350783
2821,-0.307142238852234
2822,-0.2928157844917225
2823,-0.2669448721236618
2824,-0.23465500509363604
2825,-0.20093084589542465
2826,-0.16684144398187536
2827,-0.130935185365475
2828,-0.09453913753082312
2829,-0.06518631147091396
2830,-0.05222398941682079
2831,-0.057794255434635074
2832,-0.07581903238389287
2833,-0.1000104467958501
2834,-0.1262604794290761
2835,-0.1449919731679315
2836,-0.14022129681735576
2837,-0.1048855413225219
2838,-0.04962494914815921
2839,0.009047723531973521
2840,0.06269512979391673
2841,0.11200392132909902
2842,0.15889648091818023
2843,0.20071338064599792
2844,0.2322885644755442
2845,0.2506860848067763
2846,0.25674891421191404
2847,0.2527386854224985
2848,0.2395083484497702
2849,0.21736785401356498
2850,0.1896624623708302
2851,0.1635160969284607
2852,0.14585027208396675
2853,0.13944972187172971
2854,0.14278685433300578
2855,0.15176367474577704
2856,0.1613695333820172
2857,0.16731780234470353
2858,0.16731231634452826
2859,0.16185030359284067
2860,0.1548751754446729
2861,0.1533946768833943
2862,0.1647540352282618
2863,0.1929217088536396
2864,0.23726702676678746
2865,0.2944547443581497
2866,0.36122131980586164
2867,0.43605731257649155
2868,0.5168980924543685
2869,0.5941092639804886
2870,0.6481149480330453
2871,0.6648637974663287
2872,0.6539260436846208
2873,0.6369382083556756
2874,0.62330691436114
2875,0.6080223657182259
2876,0.5851894809226352
2877,0.552879854711253
2878,0.5072313719625825
2879,0.4448104109985832
2880,0.37348382418329346
2881,0.30664376527759757
2882,0.2511185938155533
2883,0.20859602856954376
2884,0.17969143760772463
2885,0.16315250380951155
2886,0.1546161216390609
2887,0.1489931652853548
2888,0.1444384386828351
2889,0.1431622415482022
2890,0.14870547245176327
2891,0.16324276684958416
2892,0.18681527552836227
2893,0.2166506684636352
2894,0.24457611471939644
2895,0.2551401699724178
2896,0.23023100506894417
2897,0.16161552390346254
2898,0.06441867525151479
2899,-0.025056679952573397
2900,-0.07693552657894488
2901,-0.09104883544504325
2902,-0.0866788239803747
2903,-0.08047000520509558
2904,-0.0784799908033135
2905,-0.07981076950130364
2906,-0.082467088579637
2907,-0.0866284293776608
2908,-0.09420995975122413
2909,-0.10614624614874732
2910,-0.1195610242221052
2911,-0.12734385077598356
2912,-0.12291174994255209
2913,-0.10954711700307193
2914,-0.10510006577900252
2915,-0.1280748151795396
2916,-0.1768779047889181
2917,-0.23383291953515314
2918,-0.28329479310498207
2919,-0.31999625807913296
2920,-0.3470461578595181
2921,-0.3706117855223463
2922,-0.3957294938729327
2923,-0.4241805028353285
2924,-0.45391671433474656
2925,-0.48056648340971236
2926,-0.5008950589490995
2927,-0.5151800289877538
2928,-0.5259842008319839
2929,-0.5351476625381975
2930,-0.5425013235489575
2931,-0.5467828987430551
2932,-0.5470483936293313
2933,-0.5433253269063905
2934,-0.5361008006550109
2935,-0.5250050805228547
2936,-0.5080862780003282
2937,-0.4832572157209025
2938,-0.45156065582571225
2939,-0.4186726559028012
2940,-0.3916039686633057
2941,-0.373818555839085
2942,-0.36413307774615455
2943,-0.3594843687208652
2944,-0.3577379737829055
2945,-0.35795986752179104
2946,-0.3593629192346463
2947,-0.3612999413426617
2948,-0.3644171232109329
2949,-0.37160008158557095
2950,-0.38787886866608134
2951,-0.4190082145903935
2952,-0.4680012484892246
2953,-0.5297222243656968
2954,-0.5892391973459525
2955,-0.6304959713878143
2956,-0.6466213737399339
2957,-0.6398791705199769
2958,-0.6169145248616058
2959,-0.5865068596041161
2960,-0.558240230269686
2961,-0.5397206868681984
2962,-0.5328806197888633
2963,-0.531878666070327
2964,-0.5261824112607634
2965,-0.5094057314863895
2966,-0.4856640578291636
2967,-0.46499525774796924
2968,-0.4537501898897596
2969,-0.45085107805139507
2970,-0.4511152071521896
2971,-0.45016905213479463
2972,-0.4464600468976591
2973,-0.4397177486449493
2974,-0.4288336173917858
2975,-0.41180449475773356
2976,-0.38677608776335154
2977,-0.3529743621662682
2978,-0.3122883038393733
2979,-0.27061323416153726
2980,-0.23611485028514906
2981,-0.2146674189028984
2982,-0.20641393953488174
2983,-0.2060501761619225
2984,-0.20615015772917467
2985,-0.20053445030978198
2986,-0.18544202830243958
2987,-0.15943232280851768
2988,-0.12412406694368296
2989,-0.08596862565233805
2990,-0.05714672290693994
2991,-0.05273962571078538
2992,-0.08087968893529228
2993,-0.13139838941891113
2994,-0.1838764680060099
2995,-0.22709457704642436
2996,-0.26152994948663366
2997,-0.2918876235727616
2998,-0.32124762795957723
2999,-0.34767427773113146
3000,-0.36448456190149403
3001,-0.36548277120405126
3002,-0.35084235721298784
3003,-0.3264356773812522
3004,-0.29824495310659366
3005,-0.2695293349463001
3006,-0.242225060339745
3007,-0.21915852838821512
3008,-0.2048205060467929
3009,-0.20395620376208232
3010,-0.218037008698814
3011,-0.242312227676594
3012,-0.26767355696225376
3013,-0.2860098181640099
3014,-0.2934261640669495
3015,-0.29079165571412197
3016,-0.28336770342351164
3017,-0.2783329036693875
3018,-0.28033632104121003
3019,-0.2888447134473319
3020,-0.2992289613864927
3021,-0.30635416368202917
3022,-0.30888917065389443
3023,-0.3118157653203663
3024,-0.32433089671443066
3025,-0.35373669544199876
3026,-0.3997287391952018
3027,-0.4533135970335514
3028,-0.5015159512796524
3029,-0.5347232548385452
3030,-0.5511363563692174
3031,-0.5556671154961418
3032,-0.5554538415431961
3033,-0.5557954735263279
3034,-0.55837452830787
3035,-0.5609670730076665
3036,-0.5615091354208875
3037,-0.5603117314848616
3038,-0.5599472213549352
3039,-0.5620959097771944
3040,-0.5650946438203455
3041,-0.5644542527165325
3042,-0.5559562501645036
3043,-0.5392573405968385
3044,-0.5190470143436471
3045,-0.5023016484903075
3046,-0.49375990949985193
3047,-0.49320154884633294
3048,-0.4957964280907656
3049,-0.4945838330139848
3050,-0.48401841929042044
3051,-0.4629177236066999
3052,-0.4346313036016136
3053,-0.4044646832556791
3054,-0.3770438762017258
3055,-0.3557198019559857
3056,-0.3428338328850127
3057,-0.33724468369814725
3058,-0.32957377049663206
3059,-0.3112156486343488
3060,-0.2898107902994211
3061,-0.27490398772703456
3062,-0.2676581424332218
3063,-0.2667113041045914
3064,-0.27245831116351465
3065,-0.28718674701852837
3066,-0.31204453324312453
3067,-0.34288667673835377
3068,-0.37051262782526667
3069,-0.3844254720095953
3070,-0.36735033455830285
3071,-0.2991157594766583
3072,-0.20296115648245375
3073,-0.1228685350254585
3074,-0.07360384826488513
3075,-0.052432733864358094
3076,-0.05051010770647376
3077,-0.056245769555560696
3078,-0.05945562777798213
3079,-0.05573424894134134
3080,-0.047682285256781504
3081,-0.04223658255972452
3082,-0.046144304442247264
3083,-0.061249106152830864
3084,-0.08234434937937385
3085,-0.10074640315515046
3086,-0.1106327870216144
3087,-0.11162028277205142
3088,-0.1064870529292159
3089,-0.09798811499679903
3090,-0.08829846253907965
3091,-0.07993604313411401
3092,-0.07489197283595939
3093,-0.07263524856840686
3094,-0.06975899210130108
3095,-0.06341313420146572
3096,-0.05049079224879971
3097,-0.03015253392006786
3098,-0.0040163817220566405
3099,0.023956510091394205
3100,0.04903820777339767
3101,0.06741189444665589
3102,0.07650270200388776
3103,0.07503579502369102
3104,0.06398775747828125
3105,0.04732773233251301
3106,0.030508746776620344
3107,0.01733048452949998
3108,0.008894144084273812
3109,0.0054364967171874334
3110,0.007614009759654294
3111,0.01624695033031995
3112,0.03144208238080649
3113,0.05113014321009184
3114,0.07061183216307723
3115,0.08524433479063893
3116,0.09409635457080508
3117,0.10166965269312807
3118,0.1168150724493934
3119,0.1474801492748655
3120,0.19366326007511922
3121,0.24612890478228264
3122,0.29399985748574975
3123,0.3321262060184696
3124,0.3604674778056228
3125,0.3802476790361292
3126,0.3924088414354575
3127,0.39801684913944
3128,0.399063086089578
3129,0.39833945889345657
3130,0.3977716163271299
3131,0.397085372126428
3132,0.3948999980359168
3133,0.39044104184790934
3134,0.3828389878766223
3135,0.36912817277610077
3136,0.3457443904749686
3137,0.31320650776251396
3138,0.2761422739506455
3139,0.24020990750244625
3140,0.21157983193247398
3141,0.19636509408739564
3142,0.1971398640390384
3143,0.21001094608597576
3144,0.22710650587013112
3145,0.24244324144051946
3146,0.2544211925884403
3147,0.262519255352857
3148,0.262919496116374
3149,0.24902627269139235
3150,0.21688753387037416
3151,0.16983412975231224
3152,0.11740021794741667
3153,0.06914790060262398
3154,0.029073533263106965
3155,-0.005059248106381672
3156,-0.0387338257993848
3157,-0.07724114641643316
3158,-0.12340404866080587
3159,-0.17640778323399062
3160,-0.2315191818017885
3161,-0.2813514353943493
3162,-0.3187900280986537
3163,-0.34001211499594414
3164,-0.3457799419266887
3165,-0.34038149974318865
3166,-0.3288543119314459
3167,-0.314449201066951
3168,-0.2985377428557785
3169,-0.2831453460739076
3170,-0.2722842986949416
3171,-0.2684501313983021
3172,-0.26793865511121406
3173,-0.26250029979054174
3174,-0.2467353324237283
3175,-0.22230969473163378
3176,-0.19540307825535663
3177,-0.17355071424757532
3178,-0.16583615362962104
3179,-0.18199048181036453
3180,-0.22666901996517813
3181,-0.29476470729158305
3182,-0.374212849678277
3183,-0.45204609880366936
3184,-0.5180961934070011
3185,-0.566600895862782
3186,-0.5969877885227984
3187,-0.6128994555102261
3188,-0.618967328767178
3189,-0.6178222822163484
3190,-0.6103710026986825
3191,-0.5984953673568733
3192,-0.5861895454727027
3193,-0.577805510333534
3194,-0.5761552068970499
3195,-0.5822131382040305
3196,-0.5951715781693706
3197,-0.6116936922529981
3198,-0.6258628832791943
3199,-0.6329327901384264
3200,-0.6348181753952453
3201,-0.6387885079858205
3202,-0.648914850908335
3203,-0.6610989409730208
3204,-0.6665630441289918
3205,-0.6586953326521174
3206,-0.637900655015234
3207,-0.6116665788072567
3208,-0.5895758916442921
3209,-0.5773163963017272
3210,-0.572940802980688
3211,-0.5662450575503448
3212,-0.5440504512572608
3213,-0.500183630836825
3214,-0.4398118139882441
3215,-0.3738507832224432
3216,-0.30991761840046833
3217,-0.24519344324512157
3218,-0.1668273956948617
3219,-0.06492704281286767
3220,0.0439473939426937
3221,0.11371942431491981
3222,0.12013686024778782
3223,0.08173543186889734
3224,0.02706425288634496
3225,-0.024860037284817477
3226,-0.06829500092662537
3227,-0.10682829831070752
3228,-0.14450495791099321
3229,-0.18079623692828906
3230,-0.2130440985895103
3231,-0.24034468064604536
3232,-0.26350650682330856
3233,-0.2826317800230237
3234,-0.2958103717823881
3235,-0.300146208822274
3236,-0.2939155447520041
3237,-0.2777557136463614
3238,-0.25388859983626455
3239,-0.22442518633907058
3240,-0.1907561995961705
3241,-0.154367238211787
3242,-0.11723114765119733
3243,-0.08082961825927208
3244,-0.045523255262563685
3245,-0.011727791186451002
3246,0.018686318520865802
3247,0.042929671500279425
3248,0.05908127305421929
3249,0.06694280071243798
3250,0.06768306488852086
3251,0.06328976669268697
3252,0.05614323773218144
3253,0.0485033798906173
3254,0.04207799262843523
3255,0.03788035907675486
3256,0.036404776585977475
3257,0.037907071983529994
3258,0.04255235643011124
3259,0.050442260916383506
3260,0.06144344680003225
3261,0.07444580213745915
3262,0.08618006838470096
3263,0.09079761707587973
3264,0.08183759381622757
3265,0.05649522142886445
3266,0.0186964529788999
3267,-0.022303424278582635
3268,-0.056292719376353786
3269,-0.07641084739032492
3270,-0.08207296732293388
3271,-0.07914237427248058
3272,-0.07616707077037956
3273,-0.07889275168216855
3274,-0.08721246326788622
3275,-0.09630891095927231
3276,-0.1011863745155403
3277,-0.10198395213203017
3278,-0.10524080675343679
3279,-0.11828548872484472
3280,-0.14153144349675004
3281,-0.1662450368153567
3282,-0.17783417356399028
3283,-0.1631750709011366
3284,-0.12391128448816471
3285,-0.07913641494207103
3286,-0.0452296782077601
3287,-0.025327441007248475
3288,-0.016249040917165336
3289,-0.014228100376582637
3290,-0.014398963917292675
3291,-0.01009815340667128
3292,0.003129917777367263
3293,0.022851647680581375
3294,0.04117724127138127
3295,0.05118049822155948
3296,0.05127520162386997
3297,0.04392022817659989
3298,0.03153583346025682
3299,0.01466744743759675
3300,-0.006069601744433316
3301,-0.027393643994595773
3302,-0.043839627061736365
3303,-0.0514927086801782
3304,-0.051368252158640666
3305,-0.04896815447041568
3306,-0.05032511260360346
3307,-0.05798915260046723
3308,-0.06990948654781394
3309,-0.08155316844313967
3310,-0.0894823166216406
3311,-0.09343581544404989
3312,-0.09518718678235105
3313,-0.0956051274274212
3314,-0.09337575363404041
3315,-0.08695120874008098
3316,-0.07741140943675438
3317,-0.06864590925369378
3318,-0.06429082593443812
3319,-0.06419755859249004
3320,-0.06391247446939992
3321,-0.05844920837518409
3322,-0.04652914209451253
3323,-0.03001340933615709
3324,-0.009414558424305315
3325,0.019040122355559293
3326,0.06133372145702955
3327,0.1182816038391358
3328,0.1787790695353353
3329,0.22754609697581746
3330,0.2613995563500857
3331,0.2870961470361805
3332,0.3070811418783416
3333,0.3173463824812302
3334,0.3172754315343367
3335,0.31330495314571266
3336,0.31184332998451564
3337,0.31403702984486204
3338,0.3171414057435687
3339,0.31756880922880376
3340,0.3120887959591712
3341,0.2981766249584447
3342,0.27611171607366863
3343,0.25186819645280334
3344,0.23607099581051982
3345,0.23870822569358707
3346,0.2631842543036996
3347,0.3036768838134501
3348,0.3492174380502481
3349,0.39034468109757736
3350,0.4211261537114735
3351,0.4385446962752112
3352,0.44348399277303047
3353,0.44141452767979855
3354,0.43936527368834016
3355,0.4411234130023353
3356,0.445436428764
3357,0.4486956937790166
3358,0.44902983818794107
3359,0.44772932558739936
3360,0.446726905541057
3361,0.44525227145637364
3362,0.4397948737617188
3363,0.4268793417513955
3364,0.4049551902047888
3365,0.3751383474974504
3366,0.34223348840474443
3367,0.3133286431860872
3368,0.2922556292120707
3369,0.2763437218261273
3370,0.2610569451870205
3371,0.24681411011290122
3372,0.2382643655133495
3373,0.23751981598003258
3374,0.2419807141203131
3375,0.24859038916941606
3376,0.2562234298975595
3377,0.2632311447775617
3378,0.2658172176249276
3379,0.2603533270060247
3380,0.2460599588436491
3381,0.22515900833864916
3382,0.20090597825811968
3383,0.17586226552093143
3384,0.1511762365838934
3385,0.1256319308287721
3386,0.09680711073518031
3387,0.066448937443079
3388,0.04241276602069974
3389,0.032059829846415415
3390,0.03480285091910308
3391,0.04475707806291696
3392,0.0611192322666947
3393,0.09037650854474585
3394,0.1362021389404274
3395,0.19053313284580137
3396,0.2382872398867613
3397,0.26655315440934674
3398,0.27494188036311334
3399,0.271838646742947
3400,0.26770369871613764
3401,0.27125793845731433
3402,0.28623299030782334
3403,0.3085842141821105
3404,0.32783627220277095
3405,0.3348707593932936
3406,0.3290552855777762
3407,0.3155835540738198
3408,0.29830003817757966
3409,0.27954090999190634
3410,0.26613192569841926
3411,0.26981766147701275
3412,0.29695168746632883
3413,0.3382081952390047
3414,0.3723202103823089
3415,0.3817875015261448
3416,0.36473521418335736
3417,0.3336688834175743
3418,0.30510059261601447
3419,0.28993904342731897
3420,0.29005245052096434
3421,0.2993739915893023
3422,0.30704929510454054
3423,0.3033160008568671
3424,0.2867030292451621
3425,0.2648954344811759
3426,0.2470327994637733
3427,0.238045170010686
3428,0.24092903291143586
3429,0.2574571913944198
3430,0.2826729498471213
3431,0.30559870194881794
3432,0.31849250807345947
3433,0.3219457016548843
3434,0.3218575121034851
3435,0.32185179919461715
3436,0.3181195432358815
3437,0.30279340467031113
3438,0.27271841647610373
3439,0.2330252830377266
3440,0.19176502539356793
3441,0.15435779812140218
3442,0.12324454308621774
3443,0.10002990406407195
3444,0.08746594745643922
3445,0.08896609317095523
3446,0.10458352889235845
3447,0.1279713766342562
3448,0.14900793828375553
3449,0.1599980752585666
3450,0.16052372182271007
3451,0.15679484895664633
3452,0.1560059566526821
3453,0.16121640795153294
3454,0.1701693568219099
3455,0.177151615569193
3456,0.1777489152310278
3457,0.17221206419124316
3458,0.1665016331651477
3459,0.1675950201567251
3460,0.17619289620695777
3461,0.18604972435052727
3462,0.19145443510508364
3463,0.19265685461510534
3464,0.1931400051917558
3465,0.19402722973515654
3466,0.19285397151499625
3467,0.18770478960662218
3468,0.1813490244794983
3469,0.17945383127703932
3470,0.18467829063334848
3471,0.19371935268605095
3472,0.19992975887749811
3473,0.19922822253148198
3474,0.19495787983069318
3475,0.1961417344926089
3476,0.20993615717340647
3477,0.2364644702334599
3478,0.26948631648675814
3479,0.30080309186735826
3480,0.32594218988891804
3481,0.34723599264961136
3482,0.3714708973592398
3483,0.40353113753507736
3484,0.44127924382100514
3485,0.477083046282192
3486,0.5046075987856902
3487,0.5223871706787293
3488,0.531592082267336
3489,0.5340743137234341
3490,0.533163843453494
3491,0.5336111794083115
3492,0.5383684764620909
3493,0.5451197868805374
3494,0.5484275388819873
3495,0.5465708367047143
3496,0.5442117472885796
3497,0.5490179716747183
3498,0.5669786741389646
3499,0.5985897678486513
3500,0.6364286757512188
3501,0.6659731082100856
3502,0.6722140215085562
3503,0.6491643722905204
3504,0.6028911302866092
3505,0.5459530018687002
3506,0.4911623120841751
3507,0.44843846768627205
3508,0.4223733850394984
3509,0.4107481985924709
3510,0.4065976134734585
3511,0.40296989629002833
3512,0.39601900048765676
3513,0.38462493086140837
3514,0.3688850426292445
3515,0.34942045637539476
3516,0.3268304753685865
3517,0.3002502636118062
3518,0.26661418433663975
3519,0.2230490892729048
3520,0.17071861696765364
3521,0.11592317145059694
3522,0.0665300133418561
3523,0.02655891488375932
3524,-0.005130366212172169
3525,-0.031310098293967914
3526,-0.05337785743971176
3527,-0.07129428813064662
3528,-0.08455201007602221
3529,-0.09292074502322317
3530,-0.09696386808172748
3531,-0.09795014685844526
3532,-0.09710916120847284
3533,-0.09546487154443487
3534,-0.09464179887708274
3535,-0.09715108327297062
3536,-0.10538490041379416
3537,-0.1203712853965978
3538,-0.14144735106155581
3539,-0.16696192370642493
3540,-0.19533147737596512
3541,-0.22574151907841378
3542,-0.2582789103414304
3543,-0.29370819061161935
3544,-0.33327210318613487
3545,-0.37854385442471067
3546,-0.43096044062472594
3547,-0.49030325345692394
3548,-0.5521184166611588
3549,-0.6063193741056652
3550,-0.6416868574937895
3551,-0.6559113312622831
3552,-0.6580664196285142
3553,-0.6574601686287673
3554,-0.6550617851993926
3555,-0.6470260567233528
3556,-0.6319083597322511
3557,-0.6117110664750509
3558,-0.5878666378463502
3559,-0.5597050119090379
3560,-0.5269191108637794
3561,-0.49210237258576056
3562,-0.46050495468843655
3563,-0.4363494988429492
3564,-0.4170139330586151
3565,-0.38922853793607753
3566,-0.3347974075711539
3567,-0.24939866975361422
3568,-0.15269588016901106
3569,-0.06858783598639788
3570,-0.007013879950131036
3571,0.03238467975418158
3572,0.053280591487840534
3573,0.06078240432976468
3574,0.06100711172177316
3575,0.05954073565451966
3576,0.05905595099416635
3577,0.05812474043181137
3578,0.05349470575914803
3579,0.04426006347215859
3580,0.03325482110608047
3581,0.024448219169039304
3582,0.02024143666970654
3583,0.02176149272380084
3584,0.03038536290874729
3585,0.0462684657525351
3586,0.06370367005578653
3587,0.07102345505166466
3588,0.05864575497524121
3589,0.02630434992101759
3590,-0.017031721821929496
3591,-0.05979839974759417
3592,-0.09541863769562925
3593,-0.12350538138078436
3594,-0.14522494824594526
3595,-0.15963536049192714
3596,-0.16424414266798804
3597,-0.15785156195630326
3598,-0.14269203115920825
3599,-0.12392308672992708
3600,-0.10637472515217238
3601,-0.09156420801935396
3602,-0.07833122871497379
3603,-0.06597183401197383
3604,-0.05616838192362228
3605,-0.052148011072299834
3606,-0.05601007190985661
3607,-0.06653009793032459
3608,-0.07946039431144183
3609,-0.09011333421791856
3610,-0.0959327059621804
3611,-0.0971091760693223
3612,-0.09556332142075771
3613,-0.09413297959980317
3614,-0.09657621351258631
3615,-0.10723177827716085
3616,-0.12968374612236042
3617,-0.16527763726479996
3618,-0.2125623053554216
3619,-0.2676863231901422
3620,-0.32483067488486633
3621,-0.3758446308086023
3622,-0.41005048923358867
3623,-0.41748580484464837
3624,-0.3971998783430287
3625,-0.36259472484509336
3626,-0.33365554592248303
3627,-0.3233485523319858
3628,-0.33139060164339523
3629,-0.3477099128783461
3630,-0.3616503879073502
3631,-0.36880512623665085
3632,-0.36997680335620253
3633,-0.36724202549575985
3634,-0.36333028553827973
3635,-0.36220093069882636
3636,-0.36608342150471557
3637,-0.37146249851339286
3638,-0.3702644986450315
3639,-0.35579836216873695
3640,-0.32743434307675845
3641,-0.2906181830101934
3642,-0.2534661499686483
3643,-0.22359899467939898
3644,-0.2069777759142272
3645,-0.2065571050902998
3646,-0.21912441459074283
3647,-0.23329774857267085
3648,-0.2323571252811654
3649,-0.20223210625833102
3650,-0.14286007194358885
3651,-0.0710051545382227
3652,-0.003843708179703186
3653,0.05334545216591471
3654,0.10134002452341508
3655,0.13875643343026403
3656,0.16156236132042798
3657,0.16917947024955693
3658,0.16868903093257023
3659,0.16997427467625806
3660,0.1770533867141235
3661,0.1857519245987304
3662,0.18952107712487853
3663,0.18620305123010467
3664,0.1787919359285288
3665,0.17175702013420865
3666,0.16829164779151
3667,0.16931773586116486
3668,0.17309686477706984
3669,0.17645440730319045
3670,0.17800300753920223
3671,0.17992703055988937
3672,0.1850058866429035
3673,0.1909907155827176
3674,0.1876892737940019
3675,0.16216172815671392
3676,0.11316110880171995
3677,0.059727687731163534
3678,0.027116363976727603
3679,0.025932133564595342
3680,0.046136276766521225
3681,0.0640130783523076
3682,0.057577579896696575
3683,0.021336228873451487
3684,-0.033919568939691204
3685,-0.09032559528824842
3686,-0.12847875146346033
3687,-0.13534948366152094
3688,-0.11853209503857122
3689,-0.10169163722725678
3690,-0.09835317818414845
3691,-0.10341573118429834
3692,-0.10601821061140844
3693,-0.10220633377198203
3694,-0.09596067084789638
3695,-0.09166019704686985
3696,-0.09016624299897748
3697,-0.09202383780788885
3698,-0.10030119648739276
3699,-0.1190374116613913
3700,-0.1499622935524976
3701,-0.18989611587120792
3702,-0.22980229484992182
3703,-0.25743558162752284
3704,-0.2643263958367733
3705,-0.25168543390574605
3706,-0.22919329832445548
3707,-0.20906574369260683
3708,-0.1994239094629917
3709,-0.19932704241009827
3710,-0.2010394156862767
3711,-0.19926956482118374
3712,-0.1951722513016074
3713,-0.19019877624821838
3714,-0.18110941255688182
3715,-0.16346447225763405
3716,-0.13751630161258266
3717,-0.1098563215746917
3718,-0.0896909779246647
3719,-0.0823418946024787
3720,-0.08592113321434341
3721,-0.09399722510506711
3722,-0.09933618391646006
3723,-0.09417506028859071
3724,-0.07214574160904533
3725,-0.0353207205962086
3726,0.004298711082715081
3727,0.03469936281870419
3728,0.052620754018637625
3729,0.061510364567524005
3730,0.06436756751003628
3731,0.06051322888614515
3732,0.04919674483554139
3733,0.035385371656432664
3734,0.029544615068969663
3735,0.03960174769479567
3736,0.06113284647718073
3737,0.07206163960877146
3738,0.04397771988114312
3739,-0.023668820321763605
3740,-0.09607048561051576
