ParticipantID,VideoName,BoundaryTime(s)
36,500Days.mp4,22.175
36,500Days.mp4,30.926
36,500Days.mp4,36.398
36,500Days.mp4,57.131
36,500Days.mp4,81.233
36,500Days.mp4,95.611
36,500Days.mp4,155.835
36,500Days.mp4,159.679
36,500Days.mp4,185.1
36,500Days.mp4,202.699
36,500Days.mp4,215.708
36,500Days.mp4,223.798
36,500Days.mp4,226.9
36,500Days.mp4,240.878
36,500Days.mp4,275.523
36,500Days.mp4,285.647
36,500Days.mp4,301.867
36,500Days.mp4,338.257
36,500Days.mp4,343.311
36,500Days.mp4,361.293
36,500Days.mp4,390.849
36,500Days.mp4,400.257
36,500Days.mp4,421.824
36,500Days.mp4,429.347
36,500Days.mp4,449.58
36,500Days.mp4,479.472
36,500Days.mp4,496.202
36,500Days.mp4,504.798
36,500Days.mp4,533.399
36,500Days.mp4,548.426
36,500Days.mp4,570.444
36,500Days.mp4,577.967
36,500Days.mp4,602.542
36,500Days.mp4,620.451
36,500Days.mp4,629.46
36,500Days.mp4,637.404
36,500Days.mp4,649.892
